933.2117071767582,29.741871267418713,1547.4998447365697,1053.334683772226,9.210023866348449,
29.231833910034602,21.96186166774402,1185.748083475298,26.44745958429561,33.639137296159916,
1275.8366192040892,10.949731903485254,16.771802325581394,23.94876223373633,1329.6617712505563,
25.48978400467017,14.11867088607595,1877.1300016883336,19.83363309352518,15.378869448183043,
18.45155807365439,11.544741998693665,1206.63579645155,9.473873873873874,12.63672391017173,
458.67016640253564,1299.4232397075798,33.363459037711316,18.09683794466403,1258.7506864360241,
1070.6113788644645,164.6000874125874,42.24763799104923,652.3081807081807,376.99407114624506,
1631.4639605462824,7.708369283865401,40.63109286813751,511.3794932233353,615.767258382643,
1421.4171068671271,53.1350114416476,1353.8950288262808,10.675438596491228,41.274598393574294,
15.55073349633252,17.632803632236094,8.02510460251046,10.973950795947902,58.418726235741445,
13.883792048929664,291.4721508140531,399.9512595837897,13.69618430525558,16.837950138504155,
1014.7915777217155,13.871222076215506,37.010471204188484,13.4512012012012,1636.0862038509097,
13.168923734853884,80.95826377295492,19.251789199739754,17.06883259911894,10.741615853658537,
34.37715645449138,37.554233729881034,18.077071290944122,707.5771117166213,1147.7611360850021,
30.12657091561939,39.78396668401874,17.52910052910053,19.377764127764127,1750.7434873219868,
9.726395589248794,1170.0863177226813,1227.3995740149094,12.024655547498186,86.50968054211036,
23.188219363574813,31.81008035062089,38.026369168357,1390.7109047333734,144.92580982236154,
26.312227074235807,13.041891891891892,1230.6155252997357,15.061507936507937,10.741699867197875,
14.209189842805321,1694.0819206171961,14.147864882090504,274.5752178855627,100.32702149437053,
12.213317619328226,317.57425431711147,1870.2975363234366,9.16824644549763,16.113680154142582,
1508.881714174908,1516.77277696793,9.66198347107438,8.44131455399061,12.712062256809338,
12.277952755905511,29.110588235294117,1289.0601336302896,8.311091854419411,17.715796897038082,
1702.781850117096,251.64941077441077,18.25993690851735,11.742574257425742,8.980453479280689,
1226.402752293578,11.0056,1686.8968874700718,11.315329626687847,10.350863422291994,
1114.2469118472768,1596.102047005307,663.6968864468864,1755.1994168151627,217.47698050601412,
15.510433386837882,17.497333333333334,52.89864253393665,1394.7666058394161,9.188976377952756,
11.63000678886626,17.723116548615582,31.691930207197384,1229.7247042203778,18.611929824561404,
1821.6454502593117,15.037549407114625,244.81748071979433,24.75110864745011,13.103107344632768,
53.138297872340424,166.20866533864543,71.86328125,19.546033584250146,11.453639846743295,
15.848426461143225,22.284410646387833,15.672592592592592,43.817032967032965,9.667981072555206,
1396.7082247860067,31.416710457172886,207.22834314550042,41.99895724713243,1642.6063177130923,
15.688778673279604,34.76674107142857,22.84633710541989,16.348516218081436,24.22289156626506,
31.334542157751585,868.5489959839357,83.53429602888086,18.95394736842105,8.043103448275861,
271.115823817292,25.876900796524257,1764.2223740392826,1864.9207257803218,1601.4869055101613,
1203.2230789683595,40.997034107760754,15.951890034364261,161.77330415754923,1050.6980251904836,
21.38009528851244,9.484671532846715,1595.2660439370352,15.38542350623769,49.344577284372335,
1503.301309328969,36.58354755784062,13.887798036465638,15.403176542455713,21.323662153449387,
1454.6466049382716,12.48346560846561,15.978587962962964,76.66215563073949,14.880052151238592,
91.35288596902862,28.017737003058105,14.692776327241079,593.7509778357236,19.22270505160239,
8.275237273511648,16.012762078395625,19.149565217391306,40.21045485403938,1804.2238664987406,
35.27576754385965,1172.5071274298057,40.83965968586387,11.486311239193084,627.1510138740662,
14.080251221214235,12.962096774193549,936.172419656521,11.001694915254237,8.317907444668007,
9.190735694822889,1121.797781707121,385.87181254307376,11.811887254901961,10.120065789473685,
8.730508474576272,1556.1062673590145,11.689425478767694,36.524871355060036,10.081818181818182,
222.46685178757375,1738.2982778799533,8.307621671258035,500.87924894787955,10.782460910944936,
1188.3793399793744,100.28424657534246,11.518703241895262,1273.1832676796098,1141.1100917431193,
1632.5252918287938,21.25388291517324,989.3715922107675,50.29389102916896,740.4123908878007,
8.593152064451159,1932.3470568783068,1907.01170246874,21.053215077605323,1603.9428239732986,
1512.9504516129032,452.52312223858615,42.61167800453515,17.903879559930516,1466.5350340136054,
181.90752032520325,916.9238738738738,1613.4061340941512,1244.4978991596638,27.11899641577061,
45.53535943892461,1754.2939453125,1452.3426158821417,16.34027777777778,16.349912739965095,
1620.386266633191,1609.0222895863053,10.12314886983632,1348.6349667774086,36.92982456140351,
224.32593559617058,21.33984867591425,10.364016736401673,16.18370786516854,10.802861685214626,
12.731889469753547,270.1043125691117,31.470744680851062,21.849077090119437,17.561740243122202,
34.15556938394524,984.3960711441465,14.33630289532294,10.411180124223602,16.927827897293547,
15.481192334989354,21.262074425969914,1223.8290302907094,7.689320388349515,899.5876629018245,
12.945636623748213,13.145441389290882,127.68866253321524,16.986060606060605,1526.8821435263258,
14.50954100051573,18.421641791044777,13.11936507936508,1506.4752949222088,8.410541945063104,
983.7381111855325,18.665523156089193,1573.9107324229772,7.441941074523397,2035.3835095836087,
1515.4892205638475,28.615384615384617,6.724229074889868,13.435934144595562,904.105421686747,
7.135593220338983,31.151781104801238,45.802849264705884,1423.5440031152648,12.422413793103448,
9.220304568527919,1112.385488447507,15.792179580014482,19.07124518613607,66.3173249551167,
15.031483015741507,52.88925698059631,1846.6931582584657,1830.8775244299675,12.73568281938326,
24.71317365269461,41.59553023663453,20.29268292682927,11.057990559676332,1355.1334209044849,
35.35291139240506,28.52190170940171,65.00713966979028,9.141630901287554,8.40842105263158,
14.554079696394687,36.15460122699387,11.614889047959915,19.867201976528722,1477.5230046948357,
6.649415692821369,1107.5972163644033,31.13921433494142,55.65009124087591,9.568115942028985,
1951.9512623693702,49.45824634655532,673.9241693461951,1593.2281867459346,14.622259696458684,
12.7893850042123,904.4732404692082,17.799142244460327,1540.5811518324608,19.131404460518386,
12.030388692579505,20.331176470588236,308.5811263318113,10.434153400868308,1266.9492718049419,
54.04932735426009,11.62372634643377,16.12295081967213,12.11816340310601,13.441197434069851,
880.1177532145274,1595.0151340681034,827.5033894049711,14.37788385043755,24.29047619047619,
11.21826280623608,1658.2902559211573,8.34390243902439,14.260416666666666,20.46244477172312,
18.044534412955464,16.824061196105703,28.744416873449133,21.003093580819797,9.043478260869565,
28.348727057430434,12.334207077326344,21.26909518213866,136.14785373608902,16.573604060913706,
10.31973293768546,8.43101893597836,1733.8098789988396,521.35949441505,235.62491000719942,
27.04902667627974,1842.508697044072,1152.893523600439,39.10571808510638,827.1022684310019,
44.33363760839799,1212.0127555805666,11.35832083958021,460.3530872959546,14.968017057569297,
1612.4497600479904,51.65461588121369,227.43348017621145,7.180045871559633,1191.5456818181817,
594.2790237467018,563.3035019455253,1742.9097682119204,25.992125984251967,1025.3764159702878,
1326.532388412284,1773.2560765250118,15.235336712527154,12.284909204758923,762.1703722854188,
13.488173455978975,22.16621983914209,1549.2365555922138,21.398041474654377,18.601243953006218,
1133.5090735434576,355.9681380683704,155.3825327510917,36.66434782608696,15.650632911392405,
12.945701357466064,1543.9533420396533,15.520833333333334,814.2592707045735,14.353459119496856,
46.926563396442916,1752.2340612891862,13.226841721371262,6.446462715105162,11.508626639061422,
33.55421052631579,7.647992530345472,49.809957173447536,12.847107438016529,1420.330171902786,
10.188709677419356,1129.3156638013372,645.9651783206964,53.76815776815777,9.969367588932807,
13.930656934306569,9.293439716312056,22.434461538461537,708.2774161241863,11.82297000731529,
11.636432926829269,31.95773016792125,18.246096654275092,17.001694915254237,1276.4437842778793,
17.38665971860344,1098.3205102650986,17.467805519053876,35.07397691500525,16.91332934847579,
1360.9734636871508,879.7435283880792,1335.0939086294416,281.2024561403509,6.4359780047132755,
1168.06973666799,15.543046357615895,9.200411099691674,17.15481171548117,1759.9637979266085,
13.192427063935444,626.0094745908699,12.450406504065041,525.47946084724,11.232635983263599,
15.091781643671267,18.40191082802548,8.771498771498772,12.513217279174725,16.15628891656289,
20.90840176879343,1155.9350755410371,9.600796812749005,31.039632395175186,35.18530020703934,
7.542936288088643,1275.8190024825096,188.825952170062,1433.9810003247808,31.66311300639659,
942.8132672332389,18.21866056096165,46.94428152492669,295.31190377436747,324.40718732314656,
1192.363422661025,13.754915730337078,16.103746397694525,43.5,16.488262910798124,
536.9511333529584,21.755859375,156.32830056179776,231.12066182405167,504.93331473214283,
599.3581225236209,836.7698013878918,947.1358543417367,132.15175481957488,1235.617111499127,
281.6182908545727,14.173537234042554,18.91183574879227,113.80717488789237,38.085253456221196,
13.010344827586207,10.135564853556485,13.32597623089983,18.47526612398247,1802.5679389312977,
19.49373297002725,1955.7426060503633,380.1669123065586,17.69187898089172,26.262303664921465,
475.0742559067198,14.2885101010101,36.72435174746336,1850.4121975147154,9.646332046332047,
1889.7231612608498,177.77364142062473,16.49220212102308,10.69185558354324,19.409662475182,
38.49812734082397,32.60142348754449,7.685522531160115,16.573702422145328,472.132281205165,
1624.6884376143432,1817.6456465582737,23.787523162445954,1406.0214397768868,1166.6067318132464,
12.878026905829596,1926.386230208148,1797.0067521432366,13.177682403433476,314.51426174496646,
16.51709626512362,9.262541806020067,20.253333333333334,16.131064902331442,8.02728731942215,
24.739461358313818,58.566854990583806,28.87732506643047,1232.1944891391795,9.290796597061098,
651.5436349079264,10.574007220216606,44.90516129032258,1861.6537968599807,36.71091035441279,
12.527777777777779,8.824267782426778,21.960193652501346,12.76629766297663,293.9911413969336,
776.1744934445769,13.191043083900226,10.007407407407408,1414.2864645095715,13.648876404494382,
1389.2019704433499,1548.3918675782656,1800.3020210003388,33.95291201982652,10.082917082917083,
24.222794591113974,48.28793103448276,22.686131386861312,927.4325504053212,19.212093862815884,
16.83785942492013,102.98857142857143,13.602272727272727,15.988715277777779,1775.666889632107,
20.44917127071823,10.151651651651651,324.313097866078,47.78591417910448,7.027336860670194,
19.617842876165113,12.195299837925445,24.755259467040673,1129.2883522727273,14.171782444803446,
11.824303405572756,1393.2684819605174,23.467076923076924,31.332747510251902,10.982017200938232,
33.23867478025693,1684.9331852358168,14.543965517241379,14.747384155455904,11.079045488441462,
45.252983293556085,105.02112211221122,1640.43034165339,1401.0631040363844,1984.2513776337114,
94.6976,29.912534818941506,585.1213425129088,975.5808140918829,9.046863734679164,
20.19695528068506,28.30940044411547,17.231148696264974,7.381135707410972,940.9789831556174,
1213.277525469498,9.824587706146927,33.88024883359253,889.4630367419212,27.807504078303428,
10.779986746189529,11.195065535851967,1065.3097450876262,18.56317689530686,15.09284818067754,
563.4490844844202,44.869677419354836,976.1482627320323,1213.6904873844226,1730.2200830502077,
13.658730158730158,1825.6603088101726,1312.6753168376583,8.923397169025812,7.519034354688951,
18.30247641509434,95.00080482897384,32.54654844838505,26.487849331713246,1713.5834284782254,
1518.9624726898855,69.14823529411764,12.259530791788857,823.9875076173065,18.272184300341298,
12.185962373371925,20.555753791257807,82.35453315290934,43.95514950166113,33.27720207253886,
1802.8982254697287,17.385775862068964,155.89589905362777,314.81680280046675,669.3871059358137,
335.0163024627125,18.016744809109177,8.067622950819672,1466.7165160230074,241.56774916013438,
15.46200980392157,1096.310856658185,692.9192612137203,7.639104220499569,764.0104143585198,
13.09773976786805,1379.6303381642513,34.267484662576685,16.19906048150323,12.336906584992343,
30.432188065099457,14.862323294406885,46.694377990430624,10.389752973467521,6.260617760617761,
979.5518655987497,14.06783075889859,1560.2314814814815,61.861708309122605,14.147679324894515,
149.49074074074073,36.17544731610338,34.23662396382819,30.31013916500994,20.878433367243133,
29.557791537667697,1047.7732819524726,6.423484119345525,12.399719495091164,16.519151846785224,
15.136022514071295,1636.1439865433138,1538.6854659763314,14.702834008097167,15.248587570621469,
932.1573710395392,30.07108140947752,595.5554390563565,1127.7454854472062,1664.6342127659575,
52.537544696066746,12.59087332808812,42.80641025641026,1135.1716314246025,23.247815726767275,
14.887032085561497,1235.3614503099757,1888.8355273850154,10.528531337698784,17.787690570299265,
17.03343701399689,33.74833110814419,1705.3574070649158,779.6290694693669,18.919708029197082,
49.75896624472574,1524.8258446534307,10.600171232876713,667.0167101827676,1443.465231431647,
1546.07878573116,942.6833863469537,14.081021897810219,1799.3702669496258,20.14983498349835,
12.111821086261982,78.90587695133149,18.04597701149425,86.7703132092601,84.13888888888889,
64.42606903657908,20.609442060085836,364.58165548098435,11.233670033670034,22.266260162601625,
1526.6053265847193,1261.8900250819988,34.40788072417465,30.53914590747331,33.07531380753138,
45.41506493506493,16.644019815994337,476.8190587547501,18.184769038701624,367.37374100719427,
1278.7566935826605,22.77994722955145,8.259133389974512,1058.427740058196,31.665505226480835,
16.97962747380675,31.59165067178503,1374.0674475722653,30.556186152099887,37.31436978911231,
1377.9577126988133,849.5827377680044,1432.9184130213632,796.2341672301104,1249.3115177105326,
271.23643775478206,94.4156314699793,1351.3934751261716,12.64602510460251,12.700156985871272,
1583.8788378014078,7.3095450490633365,808.2659694742792,1443.819246031746,34.348447511089205,
29.817344173441736,1205.0795634920635,18.078136739293765,38.77098540145985,1111.6570625439213,
11.257887517146777,14.078947368421053,16.59602142310635,1577.4677351328553,1751.3295269168027,
1600.442167365316,16.404874746106973,1743.2318165532067,811.683049946865,41.743321718931476,
18.745652173913044,356.40925110132156,30.882653061224488,13.472263868065967,818.5625942684766,
30.444599303135888,15.516881028938906,274.70379394361294,16.125778331257784,472.1315287838353,
15.816910785619175,10.362406015037594,337.86172839506173,39.98576732673267,29.00127959053103,
14.682011331444759,469.69962284482756,13.173157162726008,9.427063339731285,11.458033573141487,
1236.922213622291,32.8834612700628,414.20608802961743,52.2741116751269,1335.3254231373232,
219.4495628782784,15.726835964310226,812.2559735638027,14.131788559015206,1059.407172613657,
63.55212922173275,19.527675276752767,758.9145820622331,13.34468085106383,1643.21,
1805.8961589017088,9.2,15.21875,8.34892942109437,7.340277777777778,
8.83532041728763,18.141766630316248,743.444250594766,14.115217391304348,1286.5657317305859,
11.582058414464534,806.4703947368421,12.373426573426574,15.103112840466926,454.9386606640405,
48.04302019315189,25.79073569482289,56.97893850042123,16.475,419.0278684408737,
164.0970942593905,577.5542071197411,17.876884422110553,13.64401294498382,24.979369627507165,
11.241585639491399,1653.7862896597073,27.834636199639206,6.893129770992366,11.741302972802025,
30.704338510980183,10.898191560616208,17.353009935710112,13.088788075178224,106.15259117082533,
92.7691984892992,1038.0592008797653,1267.810650887574,20.737979094076653,10.281818181818181,
13.075589459084604,1885.0219846712384,11.459259259259259,21.27102803738318,13.42485119047619,
1837.493706861551,11.40418410041841,13.529504327301337,8.456483126110124,55.316542948038176,
953.6874069170941,13.55706304868316,1144.7864611022505,17.29925925925926,1504.8193698532045,
40.68325581395349,1179.9566907273736,14.127797408716136,20.182495344506517,1955.1981537482095,
20.148986889153754,15.67214236824093,453.7258935458987,30.363000635727907,49.684444444444445,
26.02665910380034,24.127622377622377,313.23267165636184,31.1730439748715,17.171481253841424,
33.897970378496986,1360.5270153633696,7.903677758318739,1992.028473151156,19.31311154598826,
503.49202898550726,26.322429906542055,1625.8386511965193,1060.9635789473684,16.417213712618526,
18.505797101449275,1610.2257545990356,8.675746924428822,707.4158834586466,11.485327313769751,
11.77232502011263,1772.2665842604038,9.912384161752318,10.923721709974853,1284.7399963787796,
1149.4103299856529,114.256006006006,1059.6289820359282,86.63718220338983,13.215358931552588,
22.273736812881733,689.3174681059862,1066.9831460674156,12.077826725403819,97.4959174903309,
17.928948913681737,10.651764705882353,12.741454864154251,23.484338747099766,10.867502238137869,
12.067820069204153,227.4534833405452,11.346333853354134,16.93012524719842,1770.8398533007335,
1342.8096546310833,33.07331571994716,1824.0936625514403,13.913497390007457,1061.3349676844216,
24.09413369713506,1358.1019835704267,1711.5259405506197,19.955871353777113,1804.7654384520379,
899.6372685185186,20.57667386609071,1710.4330440701037,11.110787172011662,40.2010781671159,
13.022957461174881,1352.224989447024,1221.843425467327,915.2908740669395,1737.478533685601,
1026.3298603413878,14.149886449659348,22.39580764488286,56.24012158054711,770.143295232785,
15.664449818621524,21.329062317996506,702.1456436931079,27.329931972789115,13.96938065414057,
110.20583379196478,1203.41375464684,24.473300970873787,12.661560904449306,1878.5601820633851,
1533.768319301528,9.262367491166078,646.0014552510308,19.658837345860245,9.569850039463299,
63.40814299900695,14.320996978851964,10.280729579698653,122.0719794344473,15.635834411384216,
24.448427212874908,1284.2478075106815,502.34706525701785,17.8075117370892,1803.8892498066512,
18.997116077865897,11.870139398385913,1176.2249246663796,1153.2679773290824,17.977506426735218,
60.48121546961326,1351.2462918247672,16.224734982332155,1690.100799443865,386.7839931153184,
446.5089538171536,924.6515400893487,19.25033921302578,9.009441384736428,1102.9801204819278,
1207.645942740979,33.51316595223515,13.096141682479443,524.3606911447084,28.060049019607842,
1106.466913195796,71.76096737907761,834.946425838053,13.076708507670851,30.971127151582454,
1600.9210270030987,26.917892156862745,271.27160915613257,1354.5791545793618,20.675808720112517,
23.08023598820059,798.6391971664699,963.6870260299241,105.07155222158107,10.437550362610798,
251.75111275964392,11.845940319222763,14.937413073713492,16.409752547307132,24.22176308539945,
1547.0687036382903,24.184353741496597,255.28653707703384,21.06038820992092,612.4895522388059,
10.078260869565218,36.09134847752537,19.126606683804628,69.7632552404439,78.48180076628353,
24.087164750957854,14.530293159609121,6.062437059415911,48.757462686567166,47.30177215189873,
22.129616724738675,1254.231346229767,1130.4594535519125,615.7853333333334,71.52816584046867,
12.394562821454812,1476.993656286044,1829.7851373182552,22.442024343369635,16.880058866813833,
1780.1292333614153,17.658050619278406,684.8530670470756,668.9414255469302,48.22644301924026,
1318.8816982687551,733.068529471752,293.0650587115202,7.976603773584905,9.990119971771348,
21.66872852233677,1764.1087618132308,1468.0032227488152,15.308503625576796,14.985106382978723,
21.357142857142858,40.1712204007286,812.4079394097676,17.041780821917808,31.47393648891552,
12.782287822878228,15.623605402231357,16.916666666666668,14.505665722379604,398.39587932303164,
10.423940149625935,27.575172413793105,1607.2004163775157,33.91997880233174,19.089171974522294,
924.91507039003,1736.53745215965,23.579530638852674,47.7559926244622,17.004125412541253,
19.305084745762713,1596.782033426184,23.27731591448931,1164.4486940298507,15.026357827476039,
981.6409780253791,1128.4268128916742,827.8432737535278,1057.1690463599507,15.361466821885914,
934.1633910726183,12.436246992782678,1931.930428452579,21.833333333333332,1652.194128440367,
15.258953168044076,14.930543933054393,31.114901256732495,14.000705716302047,11.932215743440233,
106.80499405469679,16.952171176840782,12.782232704402515,11.328382838283828,12.48719590268886,
11.010060362173038,7.228956228956229,1030.292284866469,63.208118081180814,1974.5873858921161,
36.62129894937918,22.065217391304348,18.67866323907455,6.833181403828624,8.590709353421218,
847.1877882309537,959.5508705114255,18.281740370898717,559.289668402302,14.048172757475083,
1600.881253696038,16.553100498930863,696.7992446252179,1083.9995227869244,1707.2515306966739,
10.498816101026046,91.76880641925777,27.144212523719165,62.53662258392676,25.286335103814583,
17.315352697095435,935.0803345159655,12.42150803461063,1042.5820299120903,1189.4237485448195,
15.061317183951552,1753.5696549500162,13.956815114709851,11.235820895522387,18.78316906747536,
23.8516086671044,1744.2957428323198,945.4051500555761,9.277385159010601,499.03110674525215,
12.882743362831858,15.941073512252043,610.3900776368112,27.008980115458627,115.37228862328465,
42.55180722891566,16.049488054607508,14.226372382569327,89.81665569453588,9.662151394422311,
18.746644295302012,24.90865093768905,16.07966457023061,29.44620015048909,42.83177570093458,
993.3109410430839,51.418227215980025,651.6847153465346,18.13095238095238,1066.1905447564195,
102.10165289256199,41.452168367346935,12.051424600416956,16.869014084507043,11.728632478632479,
28.608143839238497,16.96212121212121,57.206306787814,15.073743016759776,18.577822311289246,
680.6401557285873,922.1638981173865,10.54199066874028,14.784511784511784,14.976573938506588,
1841.0344444444445,16.28171206225681,14.757164404223229,1254.8215621562156,14.251838235294118,
38.476099426386234,9.32428670842032,17.36847492323439,10.349493487698988,12.203943314849045,
15.364691508857666,1753.1681832444306,16.63672131147541,8.838270616493194,28.103082364830723,
13.89196675900277,48.21205711263882,35.36035535813437,14.820375335120643,325.4979919678715,
20.031329923273656,845.7746447602132,23.470889315419065,159.46278158667974,16.12082066869301,
278.4862617498192,16.493253373313344,1702.2400618716165,6.361497326203208,1879.771390149605,
44.56241610738255,9.325616131441373,18.92100643651258,337.3463556851312,12.951867219917013,
1579.3675103001765,13.299732381801963,110.59307576517813,418.24310995068174,403.5856070941337,
43.64209938581798,26.304280155642022,10.713978494623657,1480.1625262421273,8.993360995850622,
936.5950691734657,24.94363742010459,9.7425320056899,25.991935483870968,16.198492462311556,
27.817851582771148,11.255512321660182,457.87696422601135,24.251638269986895,15.486070381231672,
16.28062216461439,14.527742749054225,1754.7363550815558,15.08882720333102,9.973143759873619,
218.52782131661442,23.334226988382483,15.20435762584523,7.4860813704496785,1386.7129897703146,
17.36375749500333,782.2812041116006,31.979097387173397,19.1530524505589,1421.3876060785474,
42.95257374204743,22.966487935656836,39.6372602739726,13.147762109135499,26.765113350125944,
11.211218836565097,93.57194244604317,8.964651162790698,12.262190812720847,649.4709219858156,
953.2439678284182,27.908,28.142274052478133,10.88759367194005,13.42966573816156,
1227.2838368322239,1182.3912056151942,12.766545454545454,10.6139798488665,28.314430095451993,
1923.4936094483094,959.5541922290389,45.413383702104696,660.3495630461923,807.3603795507358,
273.8346483704974,26.114446529080677,24.05496688741722,1326.7632078456186,15.486166007905139,
19.223140495867767,9.739764052741151,28.789661319073083,571.3232876712328,17.568428184281842,
25.812770562770563,1406.3560371517028,590.1961206896551,190.70035403926616,228.58458062694154,
1525.496896870461,252.7599531615925,26.842071611253196,12.11111111111111,1486.5533389687237,
21.126190476190477,690.48473874806,1382.92802819514,39.990497484628285,9.080668604651162,
1953.0215189873418,10.446497305619708,541.7035647279549,15.521799307958478,7.777876895628903,
38.761280167890874,11.556175298804781,327.9617006324666,556.4269924374637,30.830020562028785,
1315.224202812438,172.08515815085158,49.458799593082404,16.06759581881533,13.883400344629523,
1907.8622250970245,11.106986899563319,226.73504652193176,20.46685472496474,11.387263339070568,
16.480132450331126,1032.3634496919917,9.913848631239935,38.16761904761905,13.574850299401197,
327.78782343987825,52.59144770736734,14.891943734015346,13.05237767057202,19.402409638554218,
193.86764705882354,790.9535695583871,12.118577075098814,456.7999338624339,814.605148005148,
372.6020369671822,1739.2172046703297,1233.851934826884,823.2178196147111,42.52643811737362,
72.83208740655549,1022.8681237721022,7.981836528758829,35.90462833099579,9.741281427412813,
1612.3747916982275,1001.4395898350424,1340.5720309205904,16.463670411985017,20.218687872763418,
35.30266343825666,1649.8385698808233,922.9736904479735,24.35261194029851,10.861355081555834,
15.743055555555555,14.124285714285714,810.6152359922716,924.3990521327014,18.872194513715712,
10.712530712530713,22.68796992481203,47.10477299185099,31.482647814910024,13.991054313099042,
1815.7877815903328,18.23132183908046,53.812436804853384,31.632124352331605,575.2352205192368,
30.019015659955258,851.4453414793803,10.089349535382416,22.96570796460177,16.541492537313434,
1463.641385597083,33.431912681912685,1520.8317994908948,1411.9508539560823,779.1325107296137,
23.760190217391305,28.102849200833912,9.425567703952902,13.460236886632826,1030.275138121547,
1880.3894156958368,1423.2114659789725,11.458164094232332,15.367686170212766,1589.1465309898242,
27.99295361127422,1199.6643986759839,17.248511904761905,1584.2166889347748,10.440124416796268,
21.521317829457363,1735.7701062215478,11.89657794676806,178.19498709915223,394.35087119918006,
700.4481670308327,18.41315789473684,12.654058313632781,20.213805742211363,12.008888888888889,
21.616493194555645,331.4886983632112,56.68674698795181,11.285920577617329,571.434803224277,
22.799173065564087,13.795580110497237,16.356508875739646,1192.2066437228789,1405.0217654171704,
15.901471529110685,9.972386587771203,11.806993947545394,47.56362545018007,18.04499664204164,
77.89164370982553,52.88938618925831,54.20122887864823,13.84808362369338,1048.055975436939,
1723.5273885350318,595.2838983050848,26.468,1522.1485388626168,13.378077839555203,
10.575907590759076,835.5042263873576,14.592193808882907,1177.8141592920354,7.316573556797021,
39.20623916811092,897.1691713181623,11.74927113702624,12.28280701754386,14.260784313725491,
350.46884925482533,9.777075812274369,30.69128787878788,1760.0514978121844,42.79550245959241,
8.96728624535316,15.38831615120275,9.62085635359116,1164.3040549465063,11.113524877365101,
816.7788722826087,1324.548311990687,13.580698835274543,23.677785663591198,14.124817518248175,
1403.2434908389585,9.643584521384929,1495.8809887515622,15.499677211103938,17.693500738552437,
18.48592493297587,1821.198787878788,7.977970102281668,10.234677419354838,42.6981981981982,
21.718824940047963,13.333094041636755,1490.906463878327,13.390893470790378,1469.0160298229264,
85.87058212058211,17.679945054945055,15.137080191912268,19.09097472924188,942.7541288671785,
11.476735862562634,24.721556886227546,936.7529470780036,49.25258918296893,1658.5033296337403,
26.050051072522983,43.53230586840545,8.064696485623003,965.0028571428571,517.5379476215927,
1646.4277542704906,15.097213220998055,8.549882168106834,16.434054431263085,6.886983632112237,
1242.2186984417965,8.800420168067227,11.57789979409746,70.29862842892769,657.8285203929742,
62.01687979539642,82.38446507083538,916.4546070460705,20.323417238749048,12.059665871121718,
11.274349442379183,1250.7059035277177,874.060372960373,18.282852564102566,62.112740604949586,
1108.8716448726773,139.422880963409,649.8459701492537,29.9640685461581,9.527849185946872,
1779.9019118869494,59.80561555075594,11.419681620839363,440.84834588928925,505.5606936416185,
54.19116933527414,59.724137931034484,270.82568453528734,24.91361727654469,367.1454753722795,
1222.4045275590552,11.352589641434262,296.3426042983565,1261.5463201745686,641.5558153126826,
187.6124106562703,760.0346871187031,24.15739644970414,59.90438457474907,10.605726872246697,
598.7984951367223,13.859281437125748,1531.9723750825447,19.02944942381562,13.902564102564103,
878.9354951185495,9.02355460385439,250.98748180494906,243.20403502093643,41.62574687669745,
1822.4928628708901,18.97899474868717,1464.745317628886,14.068837897853442,29.436526946107783,
727.8002820874472,553.1005154639175,13.547058823529412,1849.079838302173,606.6821624445025,
41.67935871743487,1072.9387335526317,9.521640091116174,19.39404761904762,13.952650176678445,
8.699226985242445,73.13789995493465,605.5150933040615,15.349527665317138,548.5656041512232,
11.972523499638466,13.636583888552392,18.716171617161717,611.1712846347607,17.5757406372275,
11.47589833479404,829.7166988416989,16.89931153184165,1452.921264157837,1731.6602643171807,
10.163716814159292,13.548238897396631,8.263846928499497,703.1465305350728,1661.5301603905161,
1767.322271154451,443.4053213545266,1914.4373964889037,10.88620199146515,36.18274456521739,
18.556323427781617,1470.1805225653206,292.7692307692308,9.079409697821504,1492.3308391234634,
1750.0715431504652,8.7585931254996,15.898371335504885,26.979821958456974,399.6222296843519,
41.46558197747184,1419.3863595786468,16.033834586466167,17.002512562814072,1635.08345232429,
7.380590717299578,40.97709463532248,697.4050775740479,149.1245977011494,44.303639326453016,
1444.525641025641,1125.6048884165782,21.722155688622756,1349.5391200477802,18.5,
134.00958466453673,11.367043847241867,14.8983286908078,463.9321167883212,1157.5018203883494,
778.9712707182321,48.999586435070306,15.652312599681022,71.52863227638429,1117.431324514127,
1724.4527190855558,13.324704142011834,12.692416725726435,26.06376594148537,497.54548387096776,
1107.6437026515152,9.066498316498317,12.883211678832117,18.30701754385965,44.03147574819401,
1494.5097119264333,173.019394512772,20.443075117370892,14.64602510460251,899.0480506155951,
835.8310749774164,620.8011363636364,122.9965034965035,37.91688654353562,19.722036168787675,
27.691318327974276,38.791976225854384,17.841227484989993,19.811265544989027,12.456935630099728,
11.345669874167283,13.98818407960199,9.61747572815534,7.738269030239834,11.351368970013038,
14.791310072416064,1390.3427987742593,54.78206364513019,9.396135265700483,20.322599531615925,
1101.8705641492265,387.58686679174485,13.179946879150066,8.166202414113277,15.490594431903688,
11.296412838263059,1739.3073002301874,9.384551495016611,63.5691231845078,22.746365105008078,
7.419680403700589,1402.2271938283511,27.294771241830066,21.883633633633632,13.851446442533229,
45.745049504950494,1627.7365384615384,1211.746796514608,6.937557392102847,1164.0294010226444,
10.770134228187919,1389.3402277480827,9.078207381370826,10.136510500807754,1252.7461669505963,
17.4589983489268,7.822605965463108,477.82937062937066,12.957627118644067,20.721301411909145,
30.50301406563965,1382.4583934583934,8.438775510204081,179.90837209302325,23.2719459791283,
31.391779623961522,196.8529832935561,14.39601593625498,15.069033530571993,16.638563622170178,
24.653558052434455,25.989141675284383,1106.386025200458,930.901690305032,29.538904899135446,
12.832946635730858,55.57449417535254,10.70985691573927,18.691926345609065,14.076404494382022,
12.55045871559633,1192.2454176804542,1493.3565662531994,45.22682584269663,1828.436482661005,
1538.0322741433022,17.24336618650493,16.040078843626805,755.8872717650172,21.725452196382427,
388.0186130291204,10.746428571428572,1534.0278901426443,1397.1668595679012,17.30264097073519,
1429.1898073113632,22.153385260635112,21.496840896036762,48.07403936269915,12.498051948051948,
276.1568762957844,23.150406504065042,81.7816091954023,17.645117845117845,10.496969696969696,
1622.9261328367475,15.07587064676617,7.762803234501348,6.881512605042017,9.676077265973253,
20.177966101694917,1536.246529013884,1318.4465457352374,44.35309548793284,567.260752688172,
794.6781403665624,36.13271028037383,10.733561058923996,183.45942532365015,1158.322731316726,
12.136227544910179,62.42229199372056,18.55898123324397,76.32731253420909,625.3118664281455,
2015.3337084974676,25.406275140788416,31.991519895629484,16.31659249841068,116.3706763035622,
347.2966565349544,9.04,561.9290352504638,13.87062937062937,15.347492625368732,
748.272,50.537904124860646,36.49364021804967,1744.71328,1906.0923382425947,
25.767359050445105,324.2385853787279,24.704545454545453,22.657513729405892,10.404426559356137,
1864.4758975393304,25.686540731995276,28.505590666018474,8.910727141828653,9.893072289156626,
23.585231193926845,275.4716394716395,1104.3077556058424,1027.9862475442044,235.80141316474527,
33.62897016361887,47.06280454791554,27.884023668639053,21.377089783281733,24.564005069708493,
23.70264474624732,15.201628052598622,423.4482225656878,1733.097182596291,37.28271186440678,
21.39709223080418,23.68282208588957,12.938898971566848,10.68335500650195,11.487820934825542,
1611.6634549988664,1306.4741801733885,474.12779552715654,25.615384615384617,19.377241379310345,
16.295331161780673,1439.1027963765262,12.97012987012987,1517.0109616905866,12.056528662420382,
797.3650163475012,862.833850560993,11.71504307488403,13.5817843866171,1144.0724594107035,
20.21844410097888,1729.0218087540034,1900.8835736129315,9.765881513204853,10.746279761904763,
817.916833890747,247.21239579557812,22.248865355521936,41.83485401459854,680.0670670670671,
12.720823798627002,10.969329529243938,454.1994421199442,245.0593023255814,11.494875549048317,
15.431472081218274,13.774395003903201,445.4807811531308,41.215099114297765,13.629737609329446,
1445.9697834125727,700.668205267445,164.10871632329636,12.94647201946472,60.01140456182473,
110.34721371708513,1616.6981989858366,242.32431444241317,265.0083959346001,22.727272727272727,
12.69824293353705,14.822850548182343,17.68763557483731,51.91620111731844,12.191790040376851,
359.33600601353044,48.030706243602864,27.550298804780876,15.282914880587875,27.175357873210633,
1726.7425569176883,977.6346002621232,10.827473958333334,21.691381800674048,31.35874704491726,
12.511942675159236,9.670401493930905,12.379726468222044,13.188741721854305,379.8888457054023,
6.390841320553781,14.631536604987932,10.051282051282051,1318.7403175545332,9.705984388551604,
1753.0521967705595,33.69438099588854,14.65636654235482,12.942258883248732,101.89624329159213,
1879.7352269017304,1439.3069306930693,1209.2688324873097,16.025787965616047,20.409620991253643,
1546.7284578696344,30.81758793969849,24.577562326869806,9.96683133380381,612.4530994152046,
43.63804817788758,22.8,9.569188820722562,559.8855303666387,289.25294550810014,
43.23173935890699,104.62796697626419,11.35933147632312,1609.0816074612535,262.03718459495354,
15.471535365152386,495.6992373689228,43.86547291092746,14.284845132743364,12.325490196078432,
1258.8904685622747,1265.6299955096542,17.465393794749403,12.784431137724551,1471.28115942029,
25.50121802679659,15.685494223363285,488.90648523451074,19.213313161875945,14.013157894736842,
1296.472069910898,14.966151582045622,14.205593348450492,152.45162748643762,552.4969491525424,
16.913669064748202,1021.6940755111177,790.4549536907101,19.116865869853918,228.9224077940153,
1462.580027359781,1524.6389966068832,1406.8699367629465,10.487929773226043,30.391388174807197,
19.63231850117096,8.46951219512195,18.94179600886918,41.96997929606625,1641.0794165316045,
1384.3903030303031,24.208333333333332,11.610252237591538,421.0518272425249,16.38622552329507,
8.851063829787234,26.81457891012031,17.366533864541832,1709.638505150523,23.094585332419467,
538.1470234515936,13.824238578680204,1193.7842796446505,12.269487750556793,852.0598227474151,
18.02958904109589,9.630312750601444,12.616438356164384,34.45875370919881,13.458422174840086,
909.7061855670103,14.984115523465704,19.976592977893368,11.834980988593156,14.537828100874936,
15.91678520625889,475.8879965270241,9.71394422310757,556.9158208955224,2007.058996088657,
18.003898635477583,12.724550898203592,8.745634016704631,10.012976480129765,12.737220447284345,
78.31635802469135,13.45933014354067,1407.9098060739113,20.64709081022295,13.707411504424778,
16.773188896411646,17.333151283451667,21.89146005509642,10.297515110812625,17.338677354709418,
19.904702194357366,15.079285714285714,1816.6345970054158,1481.5006535947712,19.38876889848812,
58.925219185146986,102.46753246753246,15.859806114839673,17.09924709103354,516.4339430894308,
10.85952208544533,15.056518462697815,11.671146245059289,10.692953020134228,1551.0677658996194,
53.04609544468546,784.5134359509523,12.623789764868603,12.978954081632653,7.1798010711553175,
1248.3130417651694,10.819784524975514,7.111338100102145,469.7380594773205,17.36098509397278,
36.9340782122905,19.060450160771705,1797.0852290272774,19.789251207729468,20.31550151975684,
1371.7649001415316,858.8754778809393,18.87038280725319,1852.1675126903554,13.009655172413794,
43.51371455137146,102.27171572146446,8.254419677171407,360.2768427161927,19.853947368421053,
571.2473410273817,16.058572300183037,15.031150667514304,10.250532292405962,12.45273311897106,
14.657355679702048,8.817482517482517,1595.300676818951,25.103123158515025,17.243867243867243,
14.32071840923669,1244.6983692793267,21.812114413909143,109.26891522333638,15.161502966381015,
78.86412151067323,18.637480798771122,119.51806588735388,21.126315789473683,15.268292682926829,
32.18849840255591,14.269119769119769,73.44245076586434,9.919661733615222,14.865300146412885,
21.175030599755203,25.868085106382978,12.379762648344785,25.99940828402367,1550.666172106825,
1771.1000339673913,452.4702683103698,13.44543429844098,14.948575399583044,1446.1394401133948,
10.718949044585987,815.757819996162,868.3439321674616,14.517991631799163,14.473654390934843,
1681.2511333810546,17.4064,8.598345588235293,1582.5773768216516,21.778785764131193,
174.97892176732873,1161.572391259955,44.30318916557449,17.22952710495963,19.965022935779817,
10.348011363636363,546.7796352583587,679.1116619452314,550.7356563532593,12.39404255319149,
483.3868563685637,1188.5968163977323,1265.3730538922155,582.6848751835536,9.933161953727506,
10.387609213661635,8.407440212577502,33.227722772277225,1064.6393539491826,19.952973720608576,
7.752568493150685,13.96080832823025,11.651290070367475,22.403422982885086,477.3868333758612,
274.9477061276869,429.78542780748666,31.45526475958612,12.738511326860841,1220.6122916666666,
33.95723520636499,228.76506483600306,10.746290801186944,462.24891229677127,12.207298136645962,
8.7484375,925.183405008854,24.745247148288975,1472.3482944344703,11.640371229698376,
1438.3940329218108,15.707891637220259,14.394500896592946,442.95512820512823,506.1880514242501,
26.451568265682656,13.259368111682587,8.541224489795919,20.34257654534951,16.232626619552416,
259.55708908406524,280.9454400637196,7.9855072463768115,1329.2413343272456,10.270538243626062,
20.22123368920522,26.721160184574817,16.622015915119363,15.39047619047619,29.611575562700963,
1199.1241251543845,1193.2935836599959,449.2177827799662,1321.2849862258954,6.053501945525292,
1482.611215303826,40.63537710255019,13.590946502057614,8.995692749461593,21.43640897755611,
1824.2945464125758,14.71770062606716,25.07480550568522,7.520888888888889,12.003086419753087,
8.222745098039216,11.245127436281859,10.507948523845572,1234.6843822843823,28.34535777646363,
1471.5987586710478,9.70712773465067,774.7905942910622,32.12292609351433,1396.7820107786656,
15.291666666666666,35.655668866226755,12.800621118012423,16.438377535101402,240.1628222523745,
567.3818544366899,1087.209211873081,825.8054726368159,17.334563345633455,15.281009110021023,
22.996605566870333,1769.840425531915,15.729214340198322,1682.55104534347,26.170520231213874,
1018.9133667121832,12.804913294797688,9.254119687771032,115.29680125852124,10.975877192982455,
14.475528700906345,10.785123966942148,11.118518518518519,1374.8241776049263,16.29134295227525,
260.86927330173773,24.65201685731487,16.719146482122262,10.19063270336894,181.52867756315007,
1159.6872881355932,16.15215745647237,892.5413385826772,15.253430185633576,24.216374269005847,
431.10116822429904,12.690662865288667,8.745816733067729,11.823048327137547,1775.0819996700216,
518.8351791530945,24.818029115341545,1222.9417425674515,18.314624505928855,930.279884907141,
709.1055125966575,6.940449438202247,9.459950454170107,1987.6193181818182,10.307142857142857,
7.27491103202847,11.900552486187845,18.066176470588236,7.590222222222223,1097.6668810289389,
27.38207200587803,20.202439024390245,27.325567850902736,1560.5760167850226,1721.8296261239943,
36.806319485078994,259.79477911646586,373.25495750708217,1158.2740487387773,50.85685347738015,
13.547954393024815,1210.5453827940016,11.058823529411764,32.25014021312395,11.461024498886415,
16.463647199046484,1732.5748351802497,30.998197115384617,25.00601684717208,220.14589564639414,
696.7159598214286,18.029411764705884,51.607778510217535,14.175068119891009,16.60693215339233,
1608.6701134089392,18.470588235294116,11.0284178187404,14.82101405009163,6.607632093933463,
11.227840199750313,43.10185676392573,9.871653543307087,8.605737704918033,1295.7182572614108,
10.58455114822547,1414.4122965641952,1193.9572904707234,48.25125628140704,832.9366495650235,
10.853718500307314,970.7692470389171,1634.5800966183574,12.99622641509434,11.788525683789192,
198.1182645206438,25.431372549019606,16.106688778330568,13.480841878035617,11.657180675049636,
725.0138266068759,14.075986078886311,10.156301145662848,320.7494655835827,17.349282296650717,
30.03056768558952,18.089041095890412,33.38762559492332,63.19441674975075,13.241573033707866,
1842.7848122299768,25.63083849184018,18.69099590723056,1660.1170692431563,1288.7915528472367,
12.585930543187889,46.18706047819972,273.35705996131526,39.56266810112964,11.713804713804715,
37.50495540138751,11.71557719054242,693.6011990407674,60.07514124293785,10.492181069958848,
10.626415094339622,16.576897246474143,738.8391549295775,45.23692003948668,17.942414860681115,
42.05673382820785,13.489193083573488,712.3856917174453,69.01789709172259,18.46622369878184,
23.226295210166178,14.183828610919143,1597.5976366322009,20.450120481927712,18.06154714850367,
13.291285801340646,1334.8264822883123,1121.5796834744203,8.213863060016907,42.26263537906137,
13.83357452966715,8.87211093990755,10.634266886326195,20.452729693741677,39.14477933261571,
437.4484519629748,52.54965357967667,8.33743842364532,1476.4064400715563,104.54187366926898,
24.372651356993735,12.538853503184713,14.741412832145171,595.0126618705036,20.957174638487206,
109.66573945294391,1383.9592556945781,7.607212475633529,16.464681440443215,57.656731246895184,
249.14364640883977,19.582503556187767,18.724982505248427,23.950509461426492,26.734664764621968,
1851.0301994301994,1063.9985898468976,17.433900164563905,25.150437317784256,374.7344954743547,
11.26510989010989,9.141958670260557,13.393015521064301,397.3038162282327,10.919159256265157,
494.8729078014184,8.101622544833475,537.857507082153,332.62651436483213,57.01564185544768,
29.84116972477064,29.686532951289397,10.819628647214854,12.290127195639007,10.491503267973856,
553.5540540540541,10.466262975778546,14.472636815920398,1782.9391517476556,12.611346316680779,
810.5684647302904,19.333109017496636,14.779887482419127,7.9487804878048784,36.232044198895025,
47.4940321743643,64.03686868686869,25.201958384332926,11.012106537530267,94.05693493150685,
6.150333016175072,34.03995367689635,17.48051948051948,22.775787523162446,33.005171299288946,
13.97695035460993,942.6052631578947,22.079851930195662,150.61075815332487,51.26130099228225,
1783.1232128514057,13.150455927051672,1317.166526492851,992.0194575471698,1657.4973563022343,
19.855871886120998,52.139902676399025,1262.1574539363485,874.9812563323202,12.779515246286161,
540.4138414121603,681.1850482645307,13.38045112781955,17.30340760157274,10.35377358490566,
16.21986970684039,11.292894280762566,277.74786498576657,16.160028964518464,20.06981818181818,
20.167625899280576,43.02421796165489,27.41046966731898,15.68584656084656,11.453787878787878,
66.85025980160604,1169.9548401520233,51.06924754634678,16.096625766871167,19.470224284609436,
9.101132686084142,899.1185505159588,1424.614450867052,9.344970906068163,7.621890547263682,
2102.8016840882697,19.31935483870968,12.32547770700637,29.995169082125603,22.589952477936183,
12.746341463414634,22.042758620689654,14.52854511970534,874.6978704525288,14.078523489932886,
13.244215938303341,10.775327360441075,64.26427996781979,1482.8973930481284,39.67956656346749,
1243.5825847846013,14.689482470784641,28.65424836601307,11.958515283842795,20.97049969897652,
587.71076011846,1264.878696309087,15.37256371814093,1472.2308564946115,14.570592538405267,
661.7077267637178,557.8534457691189,11.218139171227522,55.410397553516816,20.546122994652407,
25.230046948356808,23.333086053412462,53.98636633076467,1363.771797494247,1128.0887430099683,
1142.7197408796453,1091.27706651823,31.795366795366796,14.958098811757349,10.685138539042821,
10.335094339622641,1101.4652108756154,491.38442083965606,187.67777309152257,15.420485175202156,
8.82794891059354,12.44746509919177,34.15028601144046,9.241749808135072,1563.2966714905933,
1300.6821569487067,649.9548045602606,21.454968944099377,9.664850136239782,14.603910209992758,
16.203113941967445,1401.904342482589,328.09576837416483,16.842969776609724,11.472861085556577,
15.576975476839237,11.385802469135802,10.160749506903352,979.5134495009305,8.15340364333653,
907.8307406547481,1230.8570504527813,306.8157327586207,72.84713375796179,87.97864945382324,
18.693318103940605,11.536527886881382,20.06611570247934,18.479094076655052,12.207478005865102,
12.600146735143067,28.76828617191671,29.948356807511736,13.174927113702624,9.944483985765125,
1749.038622842095,299.21708333333333,1245.5678073510774,30.732075471698113,18.78115857226448,
9.757142857142858,2004.0077083464964,14.201086956521738,13.424657534246576,1833.6185055994126,
202.96245733788396,262.63299663299665,519.6135486135486,214.19799196787147,36.388194444444444,
8.674761491760625,13.897196261682243,14.765759787657597,13.111272727272727,25.92328398384926,
11.028131279303416,1010.0804128660586,108.69372693726937,1671.6668457818378,999.7022686719347,
1379.5340125553155,1749.730855351545,1563.7146660749945,71.72481108312343,12.179487179487179,
16.530790190735694,24.050324675324674,151.40218712029161,557.7985678704857,15.153793103448276,
14.575757575757576,11.417069243156199,45.27395776935571,1706.630766926303,40.98078115313081,
1372.5078512396694,740.3255053507729,18.95977011494253,1463.7462165308498,15.181224489795918,
15.506509609423434,1049.571746384872,797.0584598088814,11.325704225352112,16.49825378346915,
264.4231805929919,13.30611045828437,13.941176470588236,13.521018354055654,19.080673244341266,
723.3720756595321,1059.0930071543964,13.5421293272371,22.857142857142858,1560.899848542219,
31.244640605296343,111.46772841575859,855.1759436980167,1134.404747656094,30.033898305084747,
343.19972677595626,10.239272727272727,10.900064892926672,21.322681704260653,28.30857142857143,
1048.7154416722858,952.0557929724596,62.72490899635986,14.459136212624585,17.71875,
18.832369942196532,776.2257775788767,344.25761772853184,13.416982562547384,508.74418604651163,
8.837083010085337,9.1738768718802,11.692028985507246,9.923390383048085,10.55241935483871,
69.07887435592549,31.727866904337493,282.97821290678434,11.165041260315078,101.80879466038476,
774.362000467399,17.225829725829726,8.627514078841513,1476.7076374554326,698.3179086538462,
1329.6577017114914,10.903477643718949,18.76010966415353,1275.9104579630896,12.916079436258808,
8.457187745483111,1445.3300132802124,10.629173989455184,1768.907881773399,1189.8093162000919,
1550.25284738041,10.494108405341713,301.30884417407583,15.354448398576512,10.333333333333334,
1029.8221751786186,231.82974043114825,33.72592592592593,16.65910931174089,1532.7880698351116,
1108.694125906857,20.155889145496534,8.49367088607595,17.383505154639174,520.1285665177037,
41.913809523809526,18.15663524292966,22.145330859616575,456.96801846356743,638.1665759390311,
230.04997900042,1051.2788844621514,14.464141821112007,15.351014040561623,1649.9494341000366,
13.116113744075829,93.60138476755688,1421.4883899443485,13.32029520295203,1644.9658931082981,
9.716268311488049,492.4058309037901,13.355038759689922,16.180696661828737,43.41696750902527,
16.973897911832946,634.835116545663,351.84818269540045,67.7981072555205,8.864365971107544,
15.082378223495702,28.05043859649123,1208.627343306192,51.31519274376417,9.842556508183943,
23.745923913043477,10.701092353525322,14.698302469135802,13.926022063595068,8.561745589600744,
40.28833231521075,10.378286683630195,1465.3935506859077,14.89340439706862,8.526450511945393,
1258.2752235995606,78.1506672406371,347.78257773558033,32.1361963190184,9.280939476061427,
583.3037094281299,1042.283318815331,11.776233495482975,11.07586705202312,10.080265095729013,
1115.872330960854,1610.1847552718127,12.856447688564478,850.1857331571995,1676.8235643799785,
125.3704433497537,264.2114228456914,16.734121122599703,13.506622516556291,687.8230665467626,
16.634695085849614,12.055641421947449,143.22617354196302,9.699212598425197,16.94720301697046,
1460.082488986784,798.2992718446602,12.867151354923992,407.54108216432866,20.990453460620525,
1246.1128859452615,12.272652388797365,17.38231981981982,24.393478260869564,29.41298833079655,
16.780502043199068,1258.0546890824387,14.940609951845907,17.27576197387518,1458.9732884843688,
183.16450939457204,11.34319526627219,17.1047197640118,16.635687732342006,1088.3272178355783,
124.63097269624573,84.6923076923077,1850.2318417639428,19.31947331947332,13.63776493256262,
1501.5303643724696,15.753155680224404,8.319488817891374,28.211591033351556,862.4288967611336,
198.3249551166966,1133.8613816534541,958.92,397.9832508564903,9.132173913043479,
14.207697412076975,973.8475609756098,18.17104459376909,1262.2101578586137,17.960859977949283,
10.41348023331173,478.2677732539931,19.533333333333335,12.287773625200213,43.16413373860183,
89.25758103868944,357.0238513683153,10.925951557093425,614.7705250942848,13.405579399141631,
1682.3538103934916,591.1043890865955,14.772428884026258,10.277574872169467,18.8989898989899,
21.295580110497237,16.643161094224926,26.5311004784689,12.132152588555858,28.57836411609499,
307.00333951762525,1432.7784552845528,12.743080198722499,929.9376316898441,13.204411764705883,
11.475095785440613,17.028097982708935,24.85630689206762,9.364543361473523,1596.1525138725408,
33.13993541442411,10.641627543035995,37.745414118954976,54.57733711048159,689.6768723504475,
36.80769230769231,902.2294710845853,1082.7155412647373,61.51826086956522,557.8950364298724,
931.9118857419511,20.183122847301952,624.0963326446281,10.729247478665632,11.309540636042403,
1019.1970220112214,9.812987012987014,1775.5375415282392,12.811063829787233,160.46447841726618,
23.021511985248925,7.029021558872305,1355.7218898287601,51.227034120734906,21.3218727139722,
188.21513944223108,10.937062937062937,36.87946884576098,15.277560156687185,10.626068376068377,
16.10135135135135,363.7991101984942,32.849567723342936,587.8875621890547,1099.6949481865286,
1742.2391464311995,981.7175504770357,47.0452907874421,12.058028616852146,9.438192668371697,
419.67748091603056,315.4114503816794,17.903245192307693,14.449640287769784,914.1451088316237,
1637.8087701466532,772.2334125388412,18.288447387785137,999.543219666931,11.500860585197934,
392.0535876475931,17.632009345794394,43.82322025800287,1413.995646766169,37.447513812154696,
7.30048309178744,14.905808477237048,16.445836403831983,1459.3118103800573,1173.8332616179002,
21.18500687757909,1258.3055407090683,15.795768917819366,1815.9353065539112,131.63257775434897,
1504.6322438023053,301.8980074299223,13.196698762035764,54.894645941278064,1641.4271570014143,
283.9073300417774,14.632701421800947,7.819524200164069,1453.8657457081545,1150.2175935715795,
18.869693396226417,1839.5456609894566,19.143264433357093,26.9913112164297,22.97946611909651,
36.83798627002288,17.79495026778883,13.952279202279202,1052.4475768872321,439.3312051077414,
1739.6926411865375,857.2667145938174,11.05812897366031,9.862041467304625,1748.3465581553069,
26.547504025764894,24.869285254346426,13.264982373678025,683.3968555164001,24.53146853146853,
1697.9721272229822,16.616324264297614,18.65946946329426,9.0625,10.09266720386785,
1538.1270096463022,70.33427922814982,9.992314261315116,1794.0318094629156,12.690586419753087,
16.507052709725315,325.9389240506329,1017.9988313206077,1649.7964333781965,1905.150218765192,
13.20888888888889,32.17120237506185,322.3953892996955,11.733281493001556,1714.4162355040144,
11.193857965451055,1018.8912037037037,20.943012884043608,1205.090223989952,12.484104046242775,
26.64304325169359,542.338093930239,164.42659644502962,27.68192918192918,10.805259862241703,
1211.2737104825292,41.158149171270715,800.0772626931567,12.28023352793995,8.932055749128919,
1896.2479268752356,13.10634328358209,14.1848635235732,12.560672514619883,6.917525773195877,
156.59657594381036,8.754655870445344,23.720516962843295,1009.7654320987655,30.223812249570692,
1376.8012139605462,1897.6043049688192,27.45047688921497,12.030602171767029,855.4316065192083,
1091.237349230556,8.690739167374682,1259.1779854395306,18.847605224963715,9.442152466367713,
1092.4915140687808,14.550888529886914,12.903877221324718,20.976528721432985,1124.0479310344829,
280.0811099252935,1226.8678868552413,46.218170950388526,29.644710578842314,699.6928811928811,
1107.1546266233765,42.72783825816485,665.1491664229306,1660.1306524278325,14.983595352016405,
1462.2291173794358,343.7857575757576,8.063390313390313,15.036303630363037,55.173102529960055,
1783.4324532962792,13.948734587929916,10.994719471947194,113.59777102330294,10.215700660308144,
1412.6960975609757,522.8268436578171,10.112387202625102,1469.5140186915887,13.122153209109731,
13.69398545935228,30.321215733015496,12.584643848288621,228.7494965767217,32.76681870011402,
8.858059342421813,12.800492610837438,9.458367016976556,1978.7493234100136,22.99076745527986,
873.1420682730924,18.20771312584574,10.7663139329806,12.82176957352005,274.1791092598526,
15.835607537361923,1770.8714969241285,9.759276879162702,134.8826764436297,28.59108527131783,
10.326713645099295,843.2790387182911,16.248686514886163,29.965432098765433,28.963717377466583,
1866.3056354713149,275.75009552923194,9.75150992234685,13.830882352941176,1365.8560095200316,
8.133905579399142,36.401666666666664,26.222505091649694,21.524871355060036,531.0449507389162,
37.00474898236092,1031.0407854984894,566.266577181208,16.58907887479316,14.919185282522996,
29.67036553524804,1719.3646170442287,14.101733232856066,9.228628230616302,1961.7420806647049,
12.410360884749709,10.720982142857142,10.63368580060423,772.8464927143341,20.785224274406332,
21.35986355884025,1372.4008362115978,35.96506550218341,7.45841784989858,253.56941176470588,
860.725516146109,25.975557153127248,17.048857868020306,11.237623762376238,1075.688322938323,
966.8022895301693,37.61911170928668,5.602661596958175,13.412177985948478,1708.946131993007,
847.5090863200404,20.86543535620053,13.94915254237288,858.4814528593508,185.74446902654867,
979.5955574182733,41.57520453115167,13.705688375927453,1504.6463963963963,10.627870150435472,
14.411533420707732,165.80162271805273,41.00984966303784,1439.5447397389526,12.965295629820051,
14.953836930455635,14.685400959561344,16.65912305516266,8.940217391304348,11.435309114085404,
1676.9882053344056,13.792798913043478,192.1215395003376,31.769693325315693,13.895625,
25.02797534376482,170.47054233320327,12.560053085600531,18.309796437659035,10.94031007751938,
13.411840411840412,1341.9078111587983,156.79560085836908,63.434916718075264,17.787747524752476,
11.789400278940027,1835.311037318153,843.3855337078652,11.192105263157895,11.77209642074507,
631.1033047735618,16.511171293161816,10.625457875457876,13.77707896575821,699.6019362186788,
1464.565035921998,866.5928607089365,8.220397579948141,19.991808443604285,237.08861301369862,
17.865445356917245,39.56562726613488,1209.892487290529,58.171151776103336,765.3635921148698,
2087.073877398919,14.578402366863905,1324.2318191077613,7.875961538461539,12.040204678362572,
962.9705445544555,15.394598649662415,9.045178105994788,15.163336229365768,12.57367758186398,
23.54640522875817,17.11324944485566,1540.5129146275149,16.5933242506812,12.523809523809524,
449.17379767827526,1077.811320754717,12.240171551107935,6.207865168539326,39.647895335608645,
49.32090680100756,21.050933786078097,8.445528455284553,20.749269005847953,30.914438502673796,
1139.503034506676,46.93925859758821,1694.5546776800143,652.3533813747229,634.3069207622868,
14.1966573816156,1548.1352844557264,1029.3251828153566,8.611851851851851,5.957968476357268,
45.228285077951,49.10958149779736,697.1449199264899,150.51054339010543,54.89757252812315,
251.27100840336135,1483.2013069139966,180.380060949064,631.1822817080944,21.29835390946502,
68.4192882929345,6.023397761953205,1884.2826460481099,23.471990464839095,635.3411499436302,
48.86029016657711,32.239514348785875,197.3433827286663,74.92678571428571,52.83438914027149,
1130.4715887850468,1363.9008063003937,37.468582887700535,1699.119847639777,10.71830985915493,
188.78216989066442,18.384615384615383,1795.7742037879589,12.172809172809172,1437.1644444444444,
33.220845070422534,24.38394964594807,22.37735849056604,21.312786885245902,11.332797427652734,
17.675139491630503,9.01456664238893,14.479426433915211,189.47515194851627,974.9913241065896,
23.555624611559974,23.477685139774398,1410.3671155209072,8.938671209540034,93.70736932305056,
1110.1104842501175,36.26729745712596,1613.1803567927857,54.31848852901484,881.4644194756554,
242.91865467344545,15.819007263922519,11.096551724137932,10.30210970464135,11.316271963330786,
8.101092896174864,32.41544607190413,20.482381530984203,14.88731563421829,31.182269063856168,
1337.7419975271328,51.39557099435519,589.5112903225806,15.354029850746269,44.60621761658031,
1278.3238036997402,9.624496373892022,1540.9031609720446,12.787360594795539,13.97464016449623,
1864.1245791245792,13.57899022801303,722.1978361669243,880.803286730439,13.609016999260902,
1328.1746375243454,10.197727272727272,833.3495872033023,1306.8851633078527,1471.1446091644204,
804.8676196395277,790.3806789815277,49.777602523659304,10.892543859649123,1496.1913000494314,
1673.317494245314,1601.004761095052,8.660330578512397,38.969208211143695,20.744089012517385,
54.1827535521803,1422.3726010616579,1815.6799546264788,17.90026075619296,1712.8705479452055,
675.8832552194291,13.489115646258503,12.495246326707,1454.1105289012607,12.718339100346022,
1055.7396674584322,11.38644825018615,2232.759318224387,7.988752556237219,1752.964213158306,
1134.9196495619524,14.77462792345854,58.242921857304644,19.795741324921135,526.1640522875817,
31.788895315211104,1647.9030375223347,22.80789825970549,31.516531503431068,58.558282208588956,
1572.7712090848363,1732.1258001669914,13.594642857142857,23.323043790380474,25.732220160791588,
52.92270742358079,7.60595130748422,1298.8269865727493,16.312348668280872,23.38039974210187,
9.3065749235474,9.48936170212766,24.57938144329897,260.7576974564926,12.204789430222956,
1466.0911616600104,33.20629159104658,11.777009507346586,22.73295046661881,14.689029202841358,
9.969565217391304,10.72043996333639,940.7379767827529,21.159200968523002,31.35791015625,
21.98030634573304,551.8267021807891,15.359809372517871,120.38132064247472,1610.4435130501047,
957.2261877699477,121.6409381663113,23.458165548098435,859.0723415132925,12.830413454800281,
17.03462441314554,13.6401833460657,717.2694232288649,10.151898734177216,17.16163035839775,
19.700534759358288,11.872549019607844,895.8267015706806,1001.9710512950736,344.992876929165,
596.5913948256468,21.7973811164714,27.06730115567641,897.9302435563964,10.82509505703422,
11.062117235345582,37.91916747337851,515.9166393173614,12.013190436933224,928.1926430517711,
10.20375106564365,1158.6231964483907,74.78763222131815,13.04983922829582,16.465367965367964,
20.267231638418078,16.33639846743295,1306.5868309587986,68.11361256544502,13.252961672473868,
1601.9125496876775,15.539499036608863,1253.2237158624594,18.320852162685604,17.539263377345378,
1117.4677168848457,852.1690166636147,23.029017857142858,11.948024948024948,11.859676175790286,
1566.1661764705882,622.0506155950752,1487.5685941043084,1114.8570520965693,21.077291381668946,
763.4144065957909,21.60872198667474,246.41598173515982,10.0939226519337,22.01156462585034,
850.384369378373,480.4383925606111,64.05715841045182,15.653021442495128,560.4936836786255,
98.27449287872248,19.92467332820907,12.495934959349594,366.5389275976977,592.5089592070149,
9.694902548725636,13.398480662983426,12.735588972431078,10.064760302775442,11.116218560277536,
24.464320154291226,21.219645293315143,9.129280223619846,17.184690157958688,27.281653746770026,
25.397602397602398,756.1816461684011,200.62758862758864,27.422684791843672,12.284610431423053,
217.2120272783633,19.675531914893618,17.934628975265017,1933.5846257585974,494.0109356014581,
9.794444444444444,1932.1948193098451,1356.2968174204354,10.336633663366337,25.73228346456693,
16.645141451414514,13.671562082777037,40.200445434298445,17.634310134310134,20.404540162980208,
1771.129101207652,15.61292897047087,13.850697292863002,1959.5479882436405,1212.828247088309,
1470.1451983898792,32.213403880070544,12.676252319109462,34.510940272028385,1804.1948784023193,
214.6515358361775,19.21969295923769,17.900452488687783,21.953172205438065,11.656271186440678,
16.545187793427232,1265.5100111234706,1774.495012345679,192.4967769660507,15.898496240601503,
69.05842259006816,1566.5155852417304,109.1929012345679,45.48983124188663,11.779984721161192,
1584.064410855376,17.373142857142856,371.1540192926045,7.7272727272727275,11.54627539503386,
1562.901597209473,345.6489402697495,12.024952015355087,1770.3530488921442,12.982507288629737,
11.606194690265486,27.275069637883007,9.712962962962964,1675.6941580756013,24.058095750403442,
486.9147551146931,930.6847065158859,779.049798115747,15.265915492957747,16.86115992970123,
16.226004084411166,168.4700808625337,8.283548142532222,1353.4937319189971,12.233594220349188,
23.637110016420362,789.6642699926632,46.50701186623517,18.779898218829516,13.850909090909092,
527.5238890745072,13.105433901054338,13.459026494146642,12.726790450928382,17.246204620462045,
1292.9726213885947,1216.666325066612,1458.753003222971,1794.30920389654,19.240286909742977,
1156.6891443167306,1442.869104716227,10.99294532627866,23.86406327236777,62.36012658227848,
1351.4397825717683,25.513174404015057,16.368826170622192,79.30200121285628,1605.649861239593,
11.811424100156495,1482.8631916029176,8.431480031323414,36.32154515778019,1340.7361607693256,
492.19033844373735,24.24279379157428,14.83057525610717,34.010989010989015,358.0879052369077,
18.083906464924347,1182.811542466161,34.99034062023386,1169.8645851302397,15.017518248175183,
24.92264808362369,1506.7719969395562,13.84375,1393.6360310928212,200.97215883158376,
9.227867590454196,29.856467808623744,657.1119075144509,966.9429864253393,22.414364640883978,
1672.174777975133,9.34353995519044,28.842105263157894,11.646341463414634,10.849112426035504,
8.853658536585366,1394.1864186046512,13.55912294440094,34.17556270096463,19.324544883866917,
86.55076628352491,6.202944269190326,275.3089430894309,8.87211093990755,88.58097686375321,
1288.3771001866833,31.639583333333334,16.799452429842574,13.564476885644769,15.45707376058041,
709.239270624861,10.290118577075098,20.578639356254573,328.4706409681757,15.12590579710145,
66.6303400174368,10.826363636363636,382.8627906976744,1066.1601071502164,23.627354627354627,
66.96884899683211,56.19640718562874,10.13742437337943,1587.1238471673255,31.927645788336932,
9.355893536121673,693.0269784172662,226.22254196642686,32.69412410763317,1727.326551547273,
1056.3587321578505,881.9361160600662,16.6186839012926,9.873027259684362,11.803019903912148,
1298.0989119683481,16.932716568544997,10.909672262190249,363.4826198316868,12.811787072243346,
1909.283854580092,28.0834938985228,7.847963800904977,10.605645161290322,110.63476347634763,
1617.8630091621592,30.43109339407745,1093.49428635447,442.3207428391564,58.608230892570816,
25.618372703412074,37.89087856743145,19.981910684002262,17.11163895486936,15.58598351001178,
10.4781054512958,1085.777397991882,1032.1299145299145,1571.8438883541867,8.856854838709678,
34.80419580419581,8.850961538461538,105.66589506172839,14.926568758344459,9.945901639344262,
1449.809623095429,17.361477572559366,1611.5458838344089,38.516363636363636,34.34600113442995,
14.197718631178708,8.978632478632479,12.228298017771701,1740.6087371232354,10.395348837209303,
23.311657879320446,718.3282463928967,7.038834951456311,49.18608503589177,15.772916666666667,
806.4782726778925,1556.9797790675902,8.71550255536627,28.21260440394837,12.788971367974549,
224.8029782359679,18.79861511829198,12.860144927536233,17.761074800290487,30.362779740871613,
605.436433859028,1011.3045822102426,77.28362068965517,18.158499234303218,19.049592391304348,
16.084733893557424,23.145431145431147,12.486891385767791,1923.1844824665425,11.401679496151155,
20.207439198855507,17.92007001166861,29.32916213275299,12.878453038674033,22.279926335174952,
1624.2983081032949,191.0959480122324,11.674063800277393,11.716450216450216,15.111716621253406,
182.05144440047488,20.815940366972477,963.1419984973704,18.596883116883117,16.635478637101137,
30.506417736289382,9.802354920100925,37.84496644295302,1642.3676918814076,265.9567548248749,
1930.8632436837815,1748.4245372818614,1978.1551780463901,509.6839131727624,969.8628158844765,
12.895555555555555,18.80609896432681,12.42636655948553,15.454027084818247,1868.4193202694428,
1735.0731424789012,95.31951747602845,211.73081081081082,15.6139798488665,16.771689497716896,
11.601438848920864,14.473581213307241,22.573741007194243,13.151494093120222,92.57408419901586,
1473.4133989522147,14.69054054054054,13.954897815362932,5.868120456905504,116.91546391752577,
726.0789311408016,12.074914089347079,14.381123919308358,14.020448548812665,21.27028839704896,
215.69732283464566,374.70471841704716,1099.8743326488707,15.804213135068153,18.391994478951002,
1675.9372732769045,39.67663344407531,25.13731527093596,1093.2831937039857,12.992716678805536,
240.7784090909091,15.876582278481013,9.531764705882352,1310.2722995090016,7.208414872798435,
38.690891472868216,12.813077469793887,633.8722493887531,885.8041512535964,14.793761935073201,
11.966248037676609,1323.301913536499,13.446793997271486,74.05704506560183,24.419261822376008,
45.89922940130409,12.064338235294118,12.269268292682927,15.059055118110237,1510.699585749793,
15.642818719741797,63.46840731070496,773.6351351351351,38.08657373440939,27.0254735467015,
1576.8057660321567,1410.3831567935138,35.81696113074205,13.813333333333333,665.9639309984318,
11.833675564681725,10.996232102486813,1843.8759864712515,483.0377634660422,23.444444444444443,
11.212428662016487,14.195561719833565,178.97788500201045,672.1172724860705,677.7302007500551,
60.14517096580684,197.1576837416481,10.617354196301564,1469.2513218188226,11.009543285616905,
12.123630672926447,25.236180904522612,50.42866082603254,13.103843008994277,24.122767857142858,
19.767184035476717,13.436574372182871,1799.4623192863735,17.992053789731052,12.668498168498168,
15.823436262866192,6.227692307692307,390.33406193078326,10.212003872216844,1750.6531932951411,
22.31228313671062,178.01070559610704,10.085329341317365,25.391769107429184,13.59571865443425,
216.9558823529412,12.634697617593158,17.214477211796247,10.310206804536358,218.0392584514722,
12.721907841552142,1277.3210103713616,627.5242409402547,221.13346883468836,23.38756536897153,
9.925925925925926,590.9457492557062,2030.8371071307874,1358.452644973641,10.918964076858813,
19.213333333333335,12.476223294279807,16.157356948228884,1714.6992765537652,1265.9781124497993,
38.30854360336432,238.19759926131118,11.579908675799087,835.6491076070005,138.4954260953298,
21.421976592977895,13.55574812247256,580.2200118764846,20.24759206798867,12.721141374837872,
200.86897945436175,7.2397849462365595,10.598606271777003,544.959263803681,20.70814332247557,
1421.6625205780135,55.412717219589254,466.4357836338419,9.065143824027073,20.66890530557421,
33.344395280235986,9.713251267197682,20.494797086368365,12.410161090458487,8.762384550797648,
1306.4228028503562,31.417018708509353,20.670382165605094,10.565696302124312,28.26968838526912,
25.87625250501002,13.388972809667674,203.14138240574508,19.204545454545453,13.81055900621118,
19.022234574763758,10.886871508379889,15.16105082809823,25.88102409638554,73.00226963231957,
53.935847208619,18.930941096817875,676.7366276107998,1640.4840330685686,8.104726598702502,
124.11772620248907,25.797420741536808,231.39206231454006,27.145026178010472,704.7459036439227,
21.848745046235138,10.744454303460515,1163.4407064760303,452.24895195098355,6.903809523809524,
1699.2857142857142,1020.5942904771828,58.74859708193041,26.163103237629812,13.576701268742791,
380.0564830272677,1412.6274034297592,12.100769230769231,11.132401862940785,12.446341463414635,
8.518072289156626,318.9500751879699,780.5333470989057,1079.5813953488373,113.24418604651163,
1771.1149577436106,19.597665847665848,16.33575197889182,43.63109954456734,14.564885496183207,
710.8008352910467,44.57012048192771,22.655824955647546,16.62320819112628,12.644574398960364,
1421.2326283987916,922.1625160462131,28.852448453608247,30.904166666666665,14.828277046365198,
31.330010493179433,7.895546558704454,10.354637568199532,1082.8807384017489,9.6334431630972,
1564.2976243339253,9.228842832469775,7.145203111495246,1644.2793508287293,27.729144667370644,
1154.555035460993,39.23493234932349,35.05345060893099,2005.1626506024097,17.554981549815498,
12.935507246376812,14.516587677725118,9.335675253708041,11.880281690140846,12.23123123123123,
817.7959130884635,78.89105793450882,42.649054142204825,14.707534246575342,9.793233082706767,
1011.1243745532523,183.2060245444403,11.507160909856783,76.9209197980931,669.6207392197125,
41.04114780725501,15.851219512195122,1332.9918147334797,167.79692307692306,9.858231707317072,
24.64504632929437,73.44804469273743,18.05833956619297,1477.8590769230768,27.95457373988799,
627.4011641443539,1240.8406304728546,12.846046186144157,23.53065774804905,148.45850157021087,
11.836658354114713,1527.7095221112695,27.487968662562956,53.405915130732964,31.83922996878252,
863.8414611184335,527.2863666014351,29.395389048991355,23.97353131052292,9.009139375476009,
10.330514988470407,1851.7102833492518,27.68505452212957,18.298170731707316,298.0400351957765,
998.0763796909492,1571.8875559820858,51.597385620915034,15.937318630295996,15.549694189602446,
523.8199947520336,10.223562810503903,17.0785536159601,14.460427135678392,14.63433908045977,
44.01457919151756,15.485358255451713,16.765853658536585,475.49931148443954,107.27106741573034,
991.662055715658,7.776218001651528,16.512939615129397,8.20582877959927,27.281902552204176,
23.672453703703702,20.19672131147541,9.16943231441048,656.5878087468842,619.3849037740565,
11.584050039093041,498.8793496862521,11.909952606635072,23.540317022742936,1380.6081314878893,
13.614011896893588,12.755714285714285,14.90108564535585,864.5145205479452,15.079365079365079,
222.73902053712482,833.8124538063562,19.860972568578553,31.512610340479192,23.715675675675676,
363.03619756427605,86.10625620655412,34.562257885998896,10.267868641339343,61.826150121065375,
95.06388888888888,20.27656675749319,1475.0430379746836,30.10024906600249,21.918114143920594,
21.70497237569061,22.168792198049513,42.792185730464325,897.8225223052809,21.567441860465117,
1818.759732664996,36.333786231884055,30.82939986513823,8.470987189148454,18.037664783427495,
832.1570719602978,17.49179366940211,8.491352201257861,10.753303964757709,16.663774403470715,
303.4302360322677,1909.8237870619946,120.02397798742139,1653.7567455375674,14.768026830631637,
17.447168709865732,73.30250223413762,15.732434350603265,84.96994667959282,492.12943681968767,
558.1354784081287,1194.645532579009,8.541552511415524,1104.1475059382424,16.158764367816094,
33.21369294605809,30.909426013691416,13.891196013289036,11.993857493857494,21.228105906313644,
1813.8161328588376,1557.0076998689383,127.46034099332839,1400.7910932721713,61.29403409090909,
109.45538628944504,369.9599721545423,8.40843621399177,7.759733036707453,1785.7168632893824,
34.57884972170687,1229.3872164048867,9.759831460674157,68.98328530259366,13.997021593447506,
23.8157134604275,347.16277472527474,1363.5498661311915,12.194805194805195,717.9683291770574,
15.63276397515528,218.8017979452055,24.592699884125146,498.31644691186676,52.196787148594375,
135.18040917544948,2112.1416609706084,1880.3871710526316,1381.6656819933214,561.1219020172911,
12.541846419327007,167.09236690186017,740.3334282460137,10.67703180212014,413.335122242099,
1592.8578889499724,37.28325508607199,9.251561106155219,1127.3520372526193,12.08161648177496,
31.83511777301927,41.96806812134114,13.93863789615644,18.055659787367105,14.150459921156374,
1708.3007309432649,83.16899892357374,21.426735218509,96.64115044247788,12.311520109066121,
29.883785664578983,1228.998244073749,12.178660049627792,641.3260473588342,1198.9503154574134,
10.760540970564836,535.6926244852116,14.647253474520186,1341.7716062176166,14.368873602751504,
21.138998311761394,6.79695885509839,1386.3432908318155,24.55510411376333,27.113861386138613,
249.9982913284921,9.852412488174078,1123.292429378531,1835.858319092745,10.217492260061919,
25.14854517611026,51.97164796219728,1593.0139896373057,73.23541887592789,11.925771476230192,
8.240497581202488,65.88909952606635,8.197758206565252,1029.0811709913507,12.748849441157134,
42.90634595701126,991.8056923918992,9.978620019436345,15.204761904761904,1607.5989646246765,
1606.0280230326296,13.611374407582938,17.647141848976712,1092.3532154653196,1265.5711987127916,
1361.015911872705,734.7528458421764,554.3446728088826,8.331530139103554,50.71659707724426,
14.436697247706421,10.00262467191601,298.57433660487095,82.39148681055156,17.114787305874408,
797.8654955427373,11.779242174629324,15.797565663036515,15.007692307692308,1483.5879844961241,
17.27111111111111,876.5171703296703,8.737246680642906,1641.46634792203,278.47944785276076,
18.7279792746114,21.55643879173291,103.94869402985074,22.464223385689355,13.166042446941324,
30.941839762611277,97.91980505095259,17.67165193745751,29.08979089790898,457.5148456057007,
14.56044776119403,874.7011239782016,27.286108048511576,14.55777166437414,31.552505966587113,
66.4571972098922,17.23511166253102,23.099391480730223,82.49356499356499,235.42942176870747,
1112.5194359756097,1736.7905206711641,1416.5117705242335,25.777146912704044,1451.556020455602,
26.71294669009959,1327.1223159509202,10.224503764544833,23.089179548156956,1238.2124298482645,
964.821692457828,516.2480638347806,248.65668950595023,31.828676858197152,14.587301587301587,
22.33432304038005,1534.3101717815093,23.13431085043988,16.232704402515722,223.5064935064935,
85.1330403515781,119.03187086092716,805.8714470284237,20.166666666666668,24.286085825747723,
1189.697567389875,1984.4062134625021,1299.1186299081037,70.23065173116089,15.778748180494905,
625.5123555555556,49.48988095238095,16.657789613848202,16.02257336343115,52.85206375153249,
853.0318975552968,1228.1368015414257,16.924679487179485,15.879751745539178,14.162612925642808,
92.70957613814757,1822.3424136513158,19.548346055979643,12.021770682148041,33.492261904761904,
1150.3134264232008,21.04621848739496,800.1338164251208,14.193442622950819,9.969395562356542,
14.763866877971473,9.530730897009967,36.85537700865266,71.38289962825279,11.22017614091273,
35.0,1829.8254564067565,11.980059084194977,43.487459807073954,1171.95827217446,
855.3420841683367,18.922266139657445,13.657386363636364,17.30340557275542,22.87192118226601,
102.2663024923182,12.51805869074492,61.9295219319862,47.936683814800155,8.468115942028986,
12.894875164257556,1202.632349907159,10.859201047806156,8.645654250238778,9.416737109044801,
15.403446226975639,11.796132151490733,17.576442593694228,39.97719298245614,19.428571428571427,
12.675783855903935,16.743951612903224,1640.7954884723836,39.49304556354916,11.490819209039548,
9.729046242774567,1752.1687285223368,16.357692307692307,14.648089171974522,148.59531090723752,
1053.3239628202223,21.102357320099255,11.347274085138162,1193.5626790041858,12.003885003885005,
13.240134340890009,518.9526169092599,18.234281932495037,834.0934922089826,1010.306338028169,
1306.623427510827,1835.455426664548,14.547848426461144,697.4515163607342,14.325955734406438,
25.985576923076923,14.351515151515152,17.187878787878788,16.02077922077922,10.209840810419681,
38.62321692080669,925.7723117109273,12.32701062215478,24.86904761904762,11.685998342999172,
23.496271186440676,14.46984126984127,1182.0676217765042,13.377025036818852,675.6060121522225,
344.17677155282684,19.080042689434364,186.62214611872147,11.618974751338945,8.39308176100629,
44.48319511130511,765.4355779427359,1469.5921717171718,10.863219349457882,9.366473149492018,
1057.9516417910447,14.323353293413174,56.36406495547407,1067.0434886499402,1712.9972869454198,
1449.1300207756233,8.250276854928018,828.8481792717087,18.006920415224915,21.091774303195105,
1142.694942254082,1296.1516875981163,457.5427050568594,55.72712215320911,8.101234567901235,
9.982116244411326,43.35444874274661,25.40055058499656,14.971217712177122,15.437587657784011,
53.80451127819549,16.63470958712386,38.20152671755725,11.959529065489331,149.32566585956417,
18.5237825594564,1608.3803098450774,15.345285524568393,20.359418282548475,10.405956112852664,
1065.5960464116888,84.74726989079564,7.528643216080402,14.204912734324498,11.394160583941606,
427.837987012987,18.534129692832764,7.05091649694501,10.729502452697968,352.1022304832714,
1303.0207233878234,24.713949381989405,11.294814814814815,17.75825825825826,11.02661596958175,
1077.6870286576168,26.232057416267942,15.634117647058824,9.473448017950636,946.8850206138342,
1298.2305048902988,8.298093587521663,17.505874673629243,27.38487394957983,6.914285714285715,
15.74237047551455,988.5813496396593,15.58787346221441,28.906307409675446,1603.3252582828643,
1126.0499814195466,10.087394957983193,13.981392143349414,54.27223320158103,11.380121396054628,
1096.580896466072,47.57178423236515,9.632921810699589,9.374133949191686,5.931683168316832,
34.87899262899263,13.926332288401253,1744.8381201044385,10.49374540103017,14.440159574468085,
19.329605263157895,11.011976047904191,10.445890968266884,16.737517831669045,13.954795357361027,
1270.4405853658536,175.1360398860399,1086.2599285564195,18.726708074534162,20.853632478632477,
672.4778289314272,11.965860597439544,6.597964376590331,1866.4152459016393,26.59338747099768,
12.12048969072165,1548.3412921348315,953.1855394032135,14.25462962962963,18.393421052631577,
22.747619047619047,1712.7368867764387,831.3143887362637,20.442220787604906,17.36401179941003,
20.278675904541956,12.03934191702432,10.576354679802956,12.35495898583147,11.818108974358974,
30.0,61.82364217252396,1592.4484417083493,26.88099173553719,1119.9726088908847,
1180.581098818676,213.00839109813936,36.932203389830505,1064.306050482554,17.530984204131226,
738.4766355140187,1356.2462918879326,31.58806146572104,13.168564920273349,41.51310861423221,
1579.7714335300243,525.0789636027143,10.420386904761905,1090.5556334326266,13.808747220163085,
9.156419529837251,814.9103974449964,20.787057938299473,14.379819524200164,1998.3764624913972,
40.840168878166466,10.792092706203135,1502.243063546861,1890.790060685583,6.6569484936831875,
1380.5476627594971,8.664305949008499,9.570643642072213,745.2783151326053,12.190082644628099,
831.2902480033628,11.64302235929067,126.98876930276089,7.45578231292517,175.05970809376382,
12.7640586797066,1058.8859609268513,14.886435331230285,14.933239634574841,58.252950230887635,
1525.0043577505708,51.1006329113924,1892.7885091629519,14.976462676529927,14.316927665920954,
14.961538461538462,1222.1877966101695,180.31600146466496,6.395744680851064,818.6971428571428,
8.481733220050977,16.80398162327718,14.062878787878788,19.917462482946792,19.92140718562874,
17.45254133496632,901.5465697410268,30.492014742014742,455.6873073690109,179.60780201342283,
9.937086092715232,1991.7641059384766,1150.7298669891172,24.19143016138008,21.8801393728223,
10.40338321405335,13.668991756499683,22.913714285714285,10.661948376353038,17.761939218523878,
1506.1646003262642,19.138535995160314,20.847509113001216,12.889093137254902,20.8359133126935,
424.76409887209024,20.774963820549928,1787.1875112632906,239.1947648624667,13.391712275215012,
12.792260692464358,1128.528968713789,1147.9868607236708,670.923018292683,8.84890829694323,
47.14530419373892,14.607180570221752,840.7411245865491,452.28656233135456,13.814165042235217,
280.4950248756219,29.412558685446008,25.56929082628497,14.918138041733547,23.72955569864778,
23.340579710144926,178.66558573165787,1954.5881771776717,431.5149201943095,11.9848,
1171.1647323099962,817.4373599003736,792.9594627594628,10.984100418410042,11.06353591160221,
21.466147859922177,18.799870466321245,64.67665289256199,34.16615003099814,12.710544939844302,
1682.7743968311127,19.591958302308264,61.00109289617486,782.0561889250814,13.557232704402516,
875.7014338575393,250.5856811402055,26.37934968625214,775.5801486199575,15.476666666666667,
920.0806563438872,931.850390625,1238.9330516014236,886.1201096436581,8.251612903225807,
1286.1033083011976,30.046033994334277,53.186820652173914,1010.4167213832349,494.8376520359598,
1647.089071599863,12.154390934844193,58.72251007484168,12.756410256410257,13.421841541755889,
764.9137201827102,618.9930296240976,1664.453691915977,9.75314465408805,7.7894736842105265,
584.2362751911049,36.3704280155642,24.056593406593407,16.982866043613708,288.2677793904209,
49.34386143657667,10.277355623100304,19.18278145695364,1779.2834019593922,1305.6793068297654,
24.576061320754718,1365.41299745978,16.417085427135678,87.7670485542826,15.804187889077532,
51.774988377498836,48.134574468085106,65.59884635553225,9.205882352941176,16.447940074906366,
1125.5438061041293,1492.5355600814664,1755.8473525765894,30.177453027139876,17.309231762427373,
27.17098133654425,9.746008708272859,1761.5294950448324,33.64190821256039,21.327759197324415,
1147.7977403633142,21.751956652618905,1334.7081998114986,41.22931873479319,8.622241086587437,
41.56144306651635,1633.9432073191783,11.509803921568627,12.618668596237336,225.79929453262787,
8.121644295302014,1763.4248698925921,7.789193302891933,1074.170524691358,41.30538922155689,
672.9938944614042,11.236401673640167,1439.540545808967,1197.5967047369406,13.200329760923331,
10.354989953114535,1690.0932026944274,1757.3571806167402,21.43098311817279,13.667605633802816,
250.15604526503873,432.5701587301587,10.666192170818505,10.509274873524452,1489.3956174119041,
1592.397829404782,23.15522771007056,17.553359683794465,23.231791907514452,170.20234833659492,
111.0117891816921,485.97423004399747,1532.282738095238,39.88778492109877,31.742124542124543,
85.91277777777778,83.45034736411932,1326.83908045977,42.593731163351414,442.20031397174256,
19.667576791808873,552.4312520219994,22.71851851851852,330.00736067297584,9.848462115528882,
17.33021582733813,21.67109634551495,27.332666666666668,1183.336480884385,9.324831207801951,
44.823188405797104,1184.569384510561,10.846768336964415,7.966542750929368,1087.42921108742,
13.075933075933076,13.145172656800563,18.668408826945413,17.456013363028955,17.60800470865215,
21.59779792746114,352.96996018820124,8.853016142735768,12.681180811808119,28.826568265682656,
76.19068255687974,27.39920687376074,52.07310966449675,200.37775854608395,6.463242698892246,
1714.6465282505105,138.97243971186973,17.034571062740078,10.450080515297907,12.1304,
27.29492298916144,1277.482725527831,10.866754617414248,23.74757281553398,57.97196261682243,
10.315107913669065,19.78708133971292,21.052842273819056,19.80478683620045,970.2132644956315,
9.870689655172415,9.829450139794968,1608.0708981612447,1418.8369082840236,13.856492027334852,
784.921052631579,986.8722805221397,774.5437945791726,8.284615384615385,682.5141987829614,
28.41732804232804,1558.464704851988,12.14311111111111,13.15327868852459,17.769871794871793,
43.25785278949836,27.16569920844327,47.705779334500875,18.76689189189189,1336.7273764878526,
8.269100169779287,1531.1130114017437,1062.3066026410563,1954.0006430868168,727.4985857546927,
30.80911392405063,11.63733905579399,9.822984244670991,1566.4894190073105,17.073863636363637,
15.112278397898883,14.366412213740459,39.07537429013939,16.574869791666668,1019.9079795142904,
20.854426229508196,1918.7230572433643,11.031305903398927,1784.098048860469,893.2773928107406,
28.40188679245283,514.8878073770492,30.010437051532943,15.123624595469256,16.434303697875688,
14.803867403314918,308.8921203922895,501.5703444249854,21.272781417510423,37.35680751173709,
14.312016865776528,13.753424657534246,1383.6770422535212,11.432409012131716,1634.6526141384388,
16.634468380820014,20.92647842301545,57.77660324171952,52.53973299427845,908.7719793135872,
11.04019404019404,21.10073571024335,10.643307086614174,1661.330606520977,14.594358629952989,
425.14258760107816,16.885693215339234,1166.5332065029402,20.551724137931036,57.537020109689216,
1022.6000795070563,193.63709063214014,26.82618384401114,1274.2184639872662,8.696995708154507,
110.03475742215785,10.463223787167449,11.941370767960363,1775.3664036076664,978.840775354794,
31.610091743119266,19.851078167115904,29.87957124842371,16.572903225806453,18.925245901639343,
1715.0701371571072,22.948856799037305,11.333333333333334,1653.3015900751354,11.540861812778603,
15.41062801932367,20.56895306859206,1375.3313739897135,178.78136363636364,9.293760831889081,
88.7918015102481,585.3762900238158,17.51313969571231,27.803423848878396,28.17535853976532,
1314.6016679904685,13.763302752293578,89.72082262210797,16.941558441558442,12.55547391623806,
43.82523696682465,1526.9364192139737,30.5515574650913,87.06702412868633,30.95139240506329,
10.412265758091992,14.176386913229019,13.022884882108183,488.6352445740201,551.8585585585586,
17.717548076923077,27.954253037884204,11.160138248847927,60.5863309352518,456.0464067031905,
11.391908975979772,24.983720930232558,10.943620178041543,200.25912274235165,10.897108271687962,
17.963707064160726,13.04509493670886,29.514102564102565,11.438723712835388,13.957924263674615,
945.7139090309822,8.14809041309431,12.673009161381254,17.34723220704529,74.47516641065029,
583.1555148182096,9.5591985428051,1427.2549982462294,869.2820647879905,21.160493827160494,
837.135303030303,40.61494252873563,74.77630910015252,10.832298136645962,17.4070796460177,
22.39367088607595,9.367709815078236,330.70574935400515,23.024815560026827,17.135682158920538,
1332.1543178334184,14.706529713866471,30.165501165501166,24.960565038257798,45.069242348218765,
22.554435483870968,23.959541062801932,17.463216957605987,17.97366644159352,103.95104299702001,
298.4942148760331,11.749810462471569,15.846267553584626,1922.9342105263158,71.26119058606368,
1552.316856038421,115.52453703703704,10.803723816912335,1804.1383573243015,662.6413959085439,
13.332898172323759,1614.4917194021812,10.908132530120483,1975.1571689649443,1377.7851592851594,
25.577313769751694,29.55766793409379,21.012426422498365,10.803937653814602,17.08085430968726,
402.4591765526867,13.661786237188872,1596.397607209447,743.9057696591668,103.29779058597502,
1363.2482070168637,985.3920625375827,25.07537688442211,61.07602611940298,76.78922616502778,
13.688976377952756,824.5005592841163,445.32570621468926,9.742496050552923,147.46234309623432,
1361.6124609510587,1832.8235098235098,676.1679367767429,13.721603563474387,6.06873977086743,
779.4092880836948,17.162398500936913,62.765306122448976,792.8284856879039,609.7484067608756,
14.11126961483595,20.871279761904763,1900.1152435830277,25.280065897858318,1169.1833693304536,
13.22817314746882,16.714110429447853,1146.5738536155202,11.351918899348298,1301.9961498973305,
560.1878088962109,1203.7536103088203,1046.0922217047043,7.082407407407407,33.41894150417827,
20.96331828442438,1362.2148525228329,8.19492385786802,265.5792572463768,14.668405365126677,
16.479096989966557,39.703955500618044,26.134287661895023,6.372986369268897,1188.6298546322412,
240.08952837729817,1738.2217070238707,18.04296875,257.3708936771459,9.313694267515924,
1370.0430951924918,140.39364919354838,11.544186046511628,1020.4077628793225,12.154320987654321,
33.623936170212765,1746.572793274742,91.8327067669173,19.529447115384617,228.05890348889895,
1462.290282668697,1274.6803513071895,12.33357558139535,854.0641940085592,41.34301675977654,
1393.3059919620023,36.81113423517169,26.195937873357227,104.3116769095698,1249.678374199249,
1337.976125079231,1243.665011722521,8.493403693931398,11.120090634441087,11.643292682926829,
81.0732057416268,37.946069994262764,45.069294342021614,14.547249647390691,1389.242586490939,
14.70516129032258,29.308429118773947,6.925498426023085,17.16275764036958,487.4040546911834,
15.136081309994353,16.518576661433805,23.76797223599405,8.339038304808476,1401.7854943551147,
87.3423645320197,8.698245614035088,12.217573221757322,1163.8119211588696,9.367201426024955,
1573.7904834996164,1350.3392118049308,47.22276323797931,20.69033412887828,1116.4056671449068,
149.89752380952382,29.136550912301352,9.820685023505709,35.2553596950929,1760.3394589076058,
17.420693575895395,22.097864768683273,22.465382299819385,12.886411149825785,462.4343592964824,
847.8748372395834,920.9850959575336,12.571530249110321,13.80054832076765,11.349680170575693,
17.52422611036339,23.378940308517773,1357.87904676259,14.90386343216532,572.3143640726774,
13.8779443254818,12.96810631229236,13.987755102040817,12.996946564885496,1102.0383647798742,
29.092105263157894,24.848019401778497,23.48014184397163,1183.0953978263785,811.3922261484099,
24.491811175337187,18.866666666666667,50.7703125,15.355325914149443,212.95161987041035,
1766.6097304865243,1130.3411540900445,9.040343347639485,11.808388157894736,992.3977682403433,
7.662011173184357,8.842771982116245,14.988876529477198,14.95859872611465,17.047225501770956,
1050.240565085772,10.41980783444198,16.434108527131784,13.751463890696161,15.211074918566775,
64.79427997992975,44.741104294478525,8.76048951048951,19.455710955710956,1850.3713569413976,
34.81529017857143,32.38348237769595,1901.2968824181041,621.1919263456091,856.1174318639107,
810.1773391108972,91.88529014844805,10.768292682926829,10.991763898421414,8.837860082304527,
10.307258064516128,17.50949628406276,831.021990104453,7.9470644850818095,1499.8763561541339,
1815.3870573870574,64.8217090069284,1633.2920847268674,17.759381898454745,18.602941176470587,
42.3838630806846,39.94,301.87838289341795,31.026239067055393,12.310135135135136,
1048.136231884058,12.634188034188034,484.5211693548387,890.8857833915614,16.383263009845287,
20.654486835034927,14.91997479521109,22.538978494623656,1313.972602739726,60.98082744702321,
1095.8573619631902,12.097826086956522,1077.5098870056497,28.234129295282468,129.59256801592568,
42.675914994096814,12.582253240279163,16.999462943071965,10.963673749143249,1467.8500462820118,
1780.1456685995431,8.995098039215685,1086.3966046226221,15.357762017336485,21.720436628259552,
86.88992042440319,15.314893617021276,6.440069991251094,17.09823677581864,1824.2820592823714,
29.29654192325912,21.48169556840077,1318.630276816609,10.092783505154639,24.73759305210918,
27.161971830985916,10.1768,1602.171888523455,43.4078947368421,16.29975278121137,
1910.5405229819717,1915.5174337517433,13.014308426073132,44.88302139037433,28.8866085171883,
818.0990777338603,17.272727272727273,343.6326530612245,855.5794604398096,634.5068766637089,
171.90511217359324,1421.833850931677,94.87081620669407,18.41051862673484,23.87137203166227,
15.149923896499239,22.108308605341247,15.415966386554622,1841.4654282765737,47.78956043956044,
203.986092265943,13.344866704480998,15.8987012987013,10.487232574189095,716.166325635779,
814.2862241256246,56.396103896103895,14.601503759398497,925.6283496118207,419.66028708133973,
20.790238233585125,1947.628270168109,32.583661971830985,87.55253784505788,1977.0797288573274,
1947.9759485410646,536.8059829059829,10.062026188835286,32.52733118971061,13.231197771587743,
141.92131277184657,18.07634628493524,102.1953125,13.965625,1170.4744823948306,
38.05019094380796,32.45521023765996,1123.7489735239983,12.643515237420269,817.0731648616126,
9.649639816633922,1399.9362382570457,1254.340174249758,19.50540315876974,35.204783258594915,
9.610878661087867,10.417508417508417,14.559462915601022,9.701421800947868,16.88124238733252,
245.17049808429118,20.759354838709676,18.201449275362318,41.28345323741007,1521.7362869198312,
57.95645472061657,35.07300115874855,9.369894099848715,1317.313829787234,69.75454545454545,
1289.77868852459,13.061615320566196,22.808452624403543,14.837547892720307,1476.3643684656683,
14.99636803874092,76.99800598205384,853.0891576430881,28.80400572246066,8.196594427244582,
