2.0,2.099290780141844,2.0,2.1271676300578033,2.0,
2.0,2.064516129032258,2.0,2.1538461538461537,2.0,
2.1136363636363638,2.2637362637362637,2.0584415584415585,2.1479289940828403,2.2476190476190476,
2.0,2.4782608695652173,2.1607142857142856,2.052132701421801,2.0,
2.0,2.040983606557377,2.0354609929078014,2.2595419847328246,2.0,
2.064516129032258,2.317073170731707,2.25,2.4054054054054053,2.0202020202020203,
2.0588235294117645,2.1237113402061856,2.091743119266055,2.168067226890756,2.1452991452991452,
2.0265486725663715,2.0508474576271185,2.4502923976608186,2.3047210300429186,2.1137724550898205,
2.0,2.340659340659341,2.0923076923076924,2.186147186147186,2.0,
2.3076923076923075,2.0127388535031847,2.0,2.142857142857143,2.1055900621118013,
2.1414141414141414,2.01010101010101,2.297872340425532,2.0,2.1346153846153846,
2.2,2.2097902097902096,2.0793650793650795,2.0,2.0,
2.0709219858156027,2.245398773006135,2.272,2.0,2.041322314049587,
2.115606936416185,2.0294117647058822,2.0,2.0,2.0357142857142856,
2.0632183908045976,2.040650406504065,2.197278911564626,2.116883116883117,2.0,
2.3146853146853146,2.302158273381295,2.0,2.0,2.1755725190839694,
2.1904761904761907,2.293233082706767,2.0254237288135593,2.0604026845637584,2.2096774193548385,
2.0303030303030303,2.1302083333333335,2.111111111111111,2.076388888888889,2.0,
2.0201342281879193,2.0216216216216214,2.125,2.016260162601626,2.1310344827586207,
2.0,2.0,2.1121495327102804,2.652941176470588,2.119718309859155,
2.4134615384615383,2.0652173913043477,2.1436781609195403,2.198019801980198,2.079710144927536,
2.0,2.172185430463576,2.110169491525424,2.1,2.1415929203539825,
2.1056338028169015,2.236842105263158,2.0615384615384613,2.0977443609022557,2.0,
2.423611111111111,2.0813008130081303,2.0,2.0259740259740258,2.0,
2.4234234234234235,2.0476190476190474,2.0638297872340425,2.0095238095238095,2.3988095238095237,
2.141304347826087,2.36,2.1598173515981736,2.0,2.0683760683760686,
2.112781954887218,2.0082644628099175,2.0,2.056603773584906,2.337278106508876,
2.049689440993789,2.054421768707483,2.0714285714285716,2.185567010309278,2.0828402366863905,
2.108108108108108,2.0121951219512195,2.042016806722689,2.0,2.0,
2.0,2.0,2.041958041958042,2.1293103448275863,2.108695652173913,
2.111764705882353,2.0,2.088607594936709,2.0,2.008771929824561,
2.0,2.0618556701030926,2.206896551724138,2.0288461538461537,2.169811320754717,
2.0,2.110294117647059,2.213675213675214,2.1030927835051547,2.138728323699422,
2.111111111111111,2.0,2.204081632653061,2.5398230088495577,2.027027027027027,
2.3072916666666665,2.034090909090909,2.0123456790123457,2.2642487046632125,2.2363636363636363,
2.096296296296296,2.0,2.0948275862068964,2.110294117647059,2.037878787878788,
2.4123711340206184,2.270440251572327,2.146551724137931,2.042372881355932,2.121212121212121,
2.343283582089552,2.221311475409836,2.2822085889570554,2.173611111111111,2.056603773584906,
2.0254237288135593,2.0,2.0,2.0,2.173611111111111,
2.14,2.376923076923077,2.125984251968504,2.007142857142857,2.0774647887323945,
2.0,2.4295774647887325,2.108695652173913,2.0,2.073529411764706,
2.096969696969697,2.1875,2.1695652173913045,2.174757281553398,2.012987012987013,
2.0,2.0517241379310347,2.1913043478260867,2.1016949152542375,2.0729166666666665,
2.0,2.214689265536723,2.177570093457944,2.19,2.272727272727273,
2.0,2.0,2.504032258064516,2.1616161616161618,2.1268115942028984,
2.0483870967741935,2.0,2.0,2.0,2.0,
2.076923076923077,2.3636363636363638,3.1492537313432836,2.118279569892473,2.043859649122807,
2.3076923076923075,2.095890410958904,2.080808080808081,2.1782945736434107,2.0,
2.037878787878788,2.213740458015267,2.524663677130045,2.121019108280255,2.112820512820513,
2.0952380952380953,2.0064935064935066,2.0,2.0988372093023258,2.0168067226890756,
2.179856115107914,2.0,2.0296296296296297,2.0,3.1626984126984126,
2.142857142857143,2.1103896103896105,2.0,2.158273381294964,2.0,
2.08,2.1320754716981134,2.055045871559633,2.037313432835821,2.1403508771929824,
2.0,2.1,2.2065217391304346,2.141304347826087,2.2312925170068025,
2.367088607594937,2.3333333333333335,2.087912087912088,2.1979166666666665,2.056,
2.0973451327433628,2.0,2.1242603550295858,2.0707964601769913,2.0085470085470085,
2.2349726775956285,2.0526315789473686,2.04,2.10989010989011,2.0408163265306123,
2.13768115942029,2.186991869918699,2.1470588235294117,2.3185185185185184,2.238095238095238,
2.1724137931034484,2.186046511627907,2.1627906976744184,2.0224719101123596,2.3684210526315788,
2.0373831775700935,2.5533333333333332,2.0754716981132075,2.0530973451327434,2.1589403973509933,
2.0,2.0,2.0,2.272108843537415,2.1271186440677967,
2.50199203187251,2.1292134831460676,2.042105263157895,2.297752808988764,2.0,
2.0,2.015873015873016,2.0948905109489053,2.017391304347826,2.1076923076923078,
2.1341463414634148,2.2941176470588234,2.0737704918032787,2.0,2.0594059405940595,
2.0,2.1102362204724407,2.0,2.110294117647059,2.3846153846153846,
2.0625,2.088709677419355,2.088235294117647,2.214689265536723,2.116883116883117,
2.0675675675675675,2.0754716981132075,2.0551181102362204,2.0,2.0,
2.2051282051282053,2.0,2.0483870967741935,2.1130434782608694,2.08974358974359,
2.0095238095238095,2.0805369127516777,2.0685714285714285,3.039772727272727,2.059322033898305,
2.0,2.223076923076923,2.109090909090909,2.101010101010101,2.189873417721519,
2.1925925925925926,2.138888888888889,2.024390243902439,2.062015503875969,2.1259259259259258,
2.5198237885462555,2.024193548387097,2.425925925925926,2.088495575221239,2.0,
2.0,2.0309278350515463,2.1812080536912752,2.0,2.0272727272727273,
2.165745856353591,2.4700460829493087,2.5211267605633805,2.197080291970803,2.0,
2.3195266272189348,2.05,2.019230769230769,2.0,2.0,
2.1666666666666665,2.128654970760234,2.032520325203252,2.034965034965035,2.141509433962264,
2.1203007518796992,2.4160583941605838,2.179190751445087,2.1,2.2363636363636363,
2.0970873786407767,2.1241379310344826,2.056451612903226,2.2764976958525347,2.0193548387096776,
2.296875,2.0483870967741935,2.0686274509803924,2.0555555555555554,2.361842105263158,
2.0,2.156862745098039,2.467065868263473,3.559006211180124,2.148936170212766,
2.088397790055249,2.0813008130081303,2.3057851239669422,2.0,2.0,
2.1366459627329193,2.0476190476190474,2.108108108108108,2.103448275862069,2.0,
2.0,2.2222222222222223,2.2710843373493974,2.0520833333333335,2.1484375,
2.4213836477987423,2.0103092783505154,2.041958041958042,2.096296296296296,2.0,
2.254335260115607,2.1150442477876106,2.0609756097560976,2.0392156862745097,2.1037735849056602,
2.016759776536313,2.2701149425287355,2.138888888888889,2.210810810810811,2.316279069767442,
2.1204188481675392,2.0,2.1809523809523808,2.0265486725663715,2.021897810218978,
2.537974683544304,2.1666666666666665,2.1893491124260356,2.0902777777777777,2.0258620689655173,
2.261437908496732,2.1724137931034484,2.1823529411764704,2.2088607594936707,2.034782608695652,
2.205,2.1655172413793102,2.042944785276074,2.2392638036809815,2.0,
2.1052631578947367,2.1510791366906474,2.0,2.018348623853211,2.141025641025641,
2.0,2.0,2.190909090909091,2.235955056179775,2.1313868613138687,
2.1233766233766236,2.1153846153846154,2.085714285714286,2.017094017094017,2.1333333333333333,
2.0,2.2107843137254903,2.196261682242991,2.1343283582089554,2.2181818181818183,
2.013888888888889,2.051470588235294,2.008130081300813,2.01980198019802,2.5677083333333335,
2.110344827586207,2.484375,2.7905982905982905,2.4782608695652173,2.0596026490066226,
2.0,2.0,2.0,2.0,2.0588235294117645,
2.36144578313253,2.192857142857143,2.3582089552238807,2.091549295774648,2.2214285714285715,
2.339366515837104,2.5865921787709496,2.1159420289855073,2.145631067961165,2.130434782608696,
2.0551181102362204,2.159340659340659,2.090909090909091,2.0672268907563027,2.171641791044776,
2.0,2.2024793388429753,2.3656716417910446,2.062111801242236,2.055813953488372,
2.0745341614906834,2.022727272727273,2.409090909090909,2.1564245810055866,2.1984126984126986,
2.110294117647059,2.3068181818181817,2.0545454545454547,2.296875,2.04,
2.645320197044335,2.124031007751938,2.050724637681159,2.0,2.1483870967741936,
2.1420118343195265,2.0,2.057471264367816,2.0,2.161073825503356,
2.0135135135135136,2.0677966101694913,2.3777777777777778,2.0,2.0,
2.138728323699422,2.0441176470588234,2.0245398773006134,2.1370967741935485,2.0815217391304346,
2.0,2.0,2.4274193548387095,2.0,2.048780487804878,
2.2116788321167884,2.0166666666666666,2.8,2.0483870967741935,2.08,
2.046728971962617,2.0708661417322833,2.0708661417322833,2.2795698924731185,2.0074074074074075,
2.2977099236641223,2.0285714285714285,2.115107913669065,2.447513812154696,2.277227722772277,
2.3333333333333335,2.0384615384615383,2.16,2.228187919463087,2.0,
2.066225165562914,2.1666666666666665,2.0364963503649633,2.1746031746031744,2.1134751773049647,
2.0,2.1324503311258276,2.0482758620689654,2.1023622047244093,2.023076923076923,
2.017543859649123,2.2341772151898733,2.1788079470198674,2.1147540983606556,2.1265822784810124,
2.2649006622516556,2.4727272727272727,2.06951871657754,2.1735537190082646,2.0943396226415096,
2.2138364779874213,2.0,2.076388888888889,2.1530612244897958,2.0,
2.253086419753086,2.0277777777777777,2.0,2.0,2.0,
2.0694444444444446,2.0588235294117645,2.0694444444444446,2.026143790849673,2.04040404040404,
2.1818181818181817,2.123076923076923,2.0,2.1555555555555554,2.3636363636363638,
2.2807881773399017,2.16,2.0416666666666665,2.2523364485981308,2.25,
2.1621621621621623,2.0,2.088495575221239,2.0578512396694215,2.0476190476190474,
2.0672268907563027,2.2110091743119265,2.0256410256410255,2.532934131736527,2.0086206896551726,
2.2773722627737225,2.1184210526315788,2.0,2.161073825503356,2.8146067415730336,
2.0,2.0,2.3430232558139537,2.0253164556962027,2.317365269461078,
2.6578947368421053,2.0,2.1551724137931036,2.216494845360825,2.0208333333333335,
2.0785714285714287,2.0297029702970297,2.0,2.4326241134751774,2.0201342281879193,
2.1844660194174756,2.0833333333333335,2.017857142857143,2.0,2.085889570552147,
2.0297029702970297,2.0,2.1949685534591197,2.128787878787879,2.0,
2.1219512195121952,2.0737704918032787,2.0238095238095237,2.5576923076923075,2.0854700854700856,
2.0,2.0470588235294116,2.0762711864406778,2.1186440677966103,2.21875,
2.125984251968504,2.0,2.0,2.017543859649123,2.2994350282485874,
2.2960893854748603,2.2830188679245285,2.389473684210526,2.1733333333333333,2.118279569892473,
2.0431654676258995,2.4365079365079363,2.0,2.3142857142857145,2.0112359550561796,
2.3229813664596275,2.303921568627451,2.0344827586206895,2.011111111111111,2.034188034188034,
2.1223021582733814,2.0797872340425534,2.030075187969925,2.169724770642202,2.0354609929078014,
2.0,2.0,2.317073170731707,2.2127659574468086,2.306451612903226,
2.0,2.0,2.706896551724138,2.0,2.1904761904761907,
2.0142857142857142,3.032388663967611,2.0,2.067415730337079,2.3257575757575757,
2.116883116883117,2.076923076923077,2.142857142857143,2.136,2.3011363636363638,
2.13986013986014,2.0,2.1314285714285712,2.1812080536912752,2.016,
2.0774647887323945,2.0277777777777777,2.2222222222222223,2.0510204081632653,2.0,
2.0,2.1904761904761907,2.142857142857143,2.075268817204301,2.0,
2.032967032967033,2.09375,2.1065573770491803,2.0,2.0481927710843375,
2.466666666666667,2.0991735537190084,2.2337662337662336,2.0,2.1927710843373496,
2.04040404040404,2.302752293577982,2.255639097744361,2.0625,2.0472972972972974,
2.1493506493506493,2.62,2.0,2.1216216216216215,2.0,
2.1360544217687076,2.0185185185185186,2.0,2.121212121212121,2.0105263157894737,
2.0161290322580645,2.0,2.1025641025641026,2.066666666666667,2.03125,
2.325,2.0952380952380953,2.0140845070422535,2.0166666666666666,2.0,
2.2,2.0,2.0502793296089385,2.021276595744681,2.06140350877193,
2.0,2.139130434782609,2.0793650793650795,2.007142857142857,2.0,
2.0,2.0,2.1882352941176473,2.125714285714286,2.0684931506849313,
2.157142857142857,2.0620689655172413,2.1270718232044197,2.0,2.1702127659574466,
2.0,2.138888888888889,2.0,2.392156862745098,2.0,
2.1147540983606556,2.1102362204724407,2.0,2.214765100671141,2.050359712230216,
2.0683760683760686,2.0,2.106145251396648,2.0396039603960396,2.4285714285714284,
2.0776699029126213,2.1367521367521367,2.4358974358974357,2.0,2.1065573770491803,
2.0096153846153846,2.0,2.0521739130434784,2.1031746031746033,2.0106382978723403,
2.119496855345912,2.0813008130081303,2.0253164556962027,2.125,2.165644171779141,
2.3255813953488373,2.008130081300813,2.095890410958904,2.08,2.0,
2.036697247706422,2.3548387096774195,2.036363636363636,2.0,2.1,
2.1717171717171717,2.1470588235294117,2.1705882352941175,2.140845070422535,2.0,
2.0833333333333335,2.0809248554913293,2.028776978417266,2.219047619047619,2.0584415584415585,
2.9615384615384617,2.0,2.0,2.1982758620689653,2.027027027027027,
2.03,2.0,2.1283783783783785,2.0211640211640214,2.2231404958677685,
2.0,2.0545454545454547,2.1666666666666665,2.092857142857143,2.0171428571428573,
2.2802547770700636,2.0,2.060344827586207,2.2035398230088497,2.130434782608696,
2.1569767441860463,2.053030303030303,2.016949152542373,3.0594405594405596,2.5695364238410594,
2.035211267605634,2.0521739130434784,2.1030927835051547,2.1487603305785123,2.171232876712329,
2.2479338842975207,2.2222222222222223,2.3986486486486487,2.0,2.1136363636363638,
2.053030303030303,2.0,2.1123595505617976,2.236641221374046,2.1490683229813663,
2.15625,2.193548387096774,2.0,2.0319148936170213,2.0,
2.06140350877193,2.072463768115942,2.0625,2.0085470085470085,2.0,
2.0,2.2717391304347827,2.0234375,2.140939597315436,2.1076923076923078,
2.1565217391304348,2.046875,2.607142857142857,2.263157894736842,2.088888888888889,
2.0,2.0259067357512954,2.075,2.1592039800995027,2.125,
2.1032258064516127,2.0609756097560976,2.024390243902439,2.2107843137254903,2.0,
2.0236220472440944,2.2325581395348837,2.0956521739130434,2.034188034188034,2.1235955056179776,
2.102803738317757,2.2755905511811023,2.0972222222222223,2.456989247311828,2.0,
2.3160377358490565,2.1557377049180326,2.2083333333333335,2.0813008130081303,2.066225165562914,
2.0505050505050506,2.0,2.214814814814815,2.0,2.1926605504587156,
2.1307692307692307,2.115107913669065,2.0677966101694913,2.270642201834862,2.0,
2.2094240837696337,2.1262626262626263,2.2356687898089174,2.128,2.2479338842975207,
2.0,2.1724137931034484,2.045112781954887,2.0,2.0454545454545454,
2.0,2.0427350427350426,2.1074380165289255,2.1739130434782608,2.3092105263157894,
2.0,2.329192546583851,2.1925925925925926,2.024193548387097,2.029126213592233,
2.194871794871795,2.0272108843537415,2.1020408163265305,2.070063694267516,2.028368794326241,
2.2841530054644807,2.1674641148325358,2.0328947368421053,2.110576923076923,2.119205298013245,
2.018181818181818,2.1538461538461537,2.0384615384615383,2.0934579439252334,2.0,
2.0,2.4171779141104293,2.0672268907563027,2.233128834355828,2.0,
2.0,2.0,2.0647058823529414,2.17032967032967,2.0372670807453415,
2.019047619047619,2.0,2.008695652173913,2.0,2.046511627906977,
2.0,2.3796296296296298,2.0,2.3741496598639458,2.0,
2.3529411764705883,2.1736526946107784,2.0,2.2435897435897436,2.0252100840336134,
2.0508474576271185,2.073529411764706,2.094972067039106,2.288135593220339,2.0654761904761907,
2.076555023923445,2.030534351145038,2.165562913907285,2.089385474860335,2.1149425287356323,
2.0964912280701755,2.0789473684210527,2.055045871559633,2.15702479338843,2.0697674418604652,
2.0,2.07741935483871,2.0163934426229506,2.035971223021583,2.0,
2.176056338028169,2.1549295774647885,2.0,2.2848101265822787,2.0,
2.0952380952380953,2.238095238095238,2.0,2.0,2.1095890410958904,
2.0,2.23121387283237,2.2229299363057327,2.0568181818181817,2.3197969543147208,
2.0784313725490198,2.0,2.0,2.0,2.0381679389312977,
2.018018018018018,2.0873015873015874,2.1486486486486487,2.127659574468085,2.0,
2.1963470319634704,2.0,2.0949367088607596,2.0,2.180904522613065,
2.0,2.032967032967033,2.0,2.6596638655462184,2.2644628099173554,
2.0721649484536084,2.087912087912088,2.0,2.19811320754717,2.0902255639097747,
2.1605839416058394,2.1533742331288344,2.0762711864406778,2.0428571428571427,2.060344827586207,
2.103896103896104,2.142857142857143,2.72,2.164285714285714,2.341991341991342,
2.1941176470588237,2.185185185185185,2.0,2.1742424242424243,2.1666666666666665,
2.2389380530973453,2.0,2.0,2.0,2.0,
2.3072625698324023,2.018867924528302,2.2857142857142856,2.1842105263157894,2.207070707070707,
2.1818181818181817,2.1984126984126986,2.235576923076923,2.0,2.0511363636363638,
2.024390243902439,2.1139240506329116,2.1153846153846154,2.008,2.0234375,
2.288235294117647,2.198019801980198,2.2758620689655173,2.107142857142857,2.121212121212121,
2.0,2.0246913580246915,2.0753424657534247,2.0,2.2142857142857144,
2.0839694656488548,2.211864406779661,2.0350877192982457,2.0701754385964914,2.0594059405940595,
2.0,2.0,2.0,2.1095890410958904,2.008,
2.1904761904761907,2.1311475409836067,2.0737704918032787,2.0671140939597317,2.064516129032258,
2.030534351145038,2.223684210526316,2.8341968911917097,2.0,2.1150442477876106,
2.0,2.0778443113772456,2.270440251572327,2.1403508771929824,2.236051502145923,
2.0916030534351147,2.04,2.2937853107344632,2.0088495575221237,2.024793388429752,
2.0927152317880795,2.030075187969925,2.181286549707602,2.078740157480315,2.1052631578947367,
2.1313131313131315,2.0,2.0,2.0,2.0,
2.0,2.0,2.0,2.0,2.02803738317757,
2.0,2.0,2.034965034965035,2.104294478527607,2.0451612903225804,
2.0,2.664705882352941,2.0,2.0530973451327434,2.188311688311688,
2.0405405405405403,2.0,2.024793388429752,2.0,2.0934579439252334,
2.0598290598290596,2.0504201680672267,2.0737704918032787,2.0,2.186046511627907,
2.1666666666666665,2.0,2.2248062015503876,2.2983870967741935,2.4585365853658536,
2.09375,2.118181818181818,2.229299363057325,2.1650943396226414,2.108108108108108,
2.0,2.074324324324324,2.063063063063063,2.0097087378640777,2.0,
2.0387096774193547,2.023529411764706,2.0,2.0,2.361290322580645,
2.111842105263158,2.0472972972972974,2.230769230769231,2.0,2.0,
2.1052631578947367,2.0165289256198347,2.207547169811321,2.0754716981132075,2.1007194244604315,
2.0,2.1641791044776117,2.3651452282157677,2.13855421686747,2.2542372881355934,
2.124087591240876,2.118811881188119,2.053763440860215,2.0930232558139537,2.008771929824561,
2.3307086614173227,2.310126582278481,2.047244094488189,2.604,2.2793296089385473,
2.021276595744681,2.188679245283019,2.1770833333333335,2.0,2.1666666666666665,
2.2736842105263158,2.0636942675159236,2.130890052356021,2.0,2.036697247706422,
2.008403361344538,2.213872832369942,2.0974025974025974,2.078125,2.182926829268293,
2.2763819095477387,2.1420118343195265,2.1379310344827585,2.1736526946107784,2.488,
2.0,2.2195121951219514,2.0505050505050506,2.4444444444444446,2.2517985611510793,
2.0412371134020617,2.045045045045045,2.108108108108108,2.0114942528735633,2.0775193798449614,
2.0476190476190474,2.2868217054263567,2.127450980392157,2.0,2.0,
2.1456953642384105,2.0,2.053691275167785,2.0,2.0,
2.0,2.085714285714286,2.5294117647058822,2.0642201834862384,2.013157894736842,
2.15625,2.0,2.1603053435114505,2.1259259259259258,2.1223021582733814,
2.0,2.0,2.0568181818181817,2.0,2.099009900990099,
2.390728476821192,2.262135922330097,2.096774193548387,2.0,2.2413793103448274,
2.2282608695652173,2.0206896551724136,2.0,2.087719298245614,2.034965034965035,
2.0306122448979593,2.4022988505747125,2.10989010989011,2.3391304347826085,2.03125,
2.0,2.0,2.032051282051282,2.1041666666666665,2.0140845070422535,
2.0569105691056913,2.2,2.0,2.227272727272727,2.2138364779874213,
2.168831168831169,2.462222222222222,2.161764705882353,2.0,2.0846153846153848,
2.0,2.3,2.1310344827586207,2.0934579439252334,2.010204081632653,
2.0826446280991737,2.111111111111111,2.103448275862069,2.3214285714285716,2.0652173913043477,
2.0,2.0,2.01010101010101,2.0604026845637584,2.074829931972789,
2.0,2.2131147540983607,2.1219512195121952,2.2916666666666665,2.0,
2.1655172413793102,2.0859375,2.028776978417266,2.28,2.2439024390243905,
2.086206896551724,3.08955223880597,2.0,2.016,2.2890995260663507,
2.0,2.374407582938389,2.0594059405940595,2.3087248322147653,2.0,
2.1842105263157894,2.0091743119266057,2.017543859649123,2.1298701298701297,2.088495575221239,
2.1023622047244093,2.0,2.125,2.29004329004329,2.2625,
2.0,2.074074074074074,2.1639344262295084,2.156862745098039,2.0,
2.03125,2.048780487804878,2.129032258064516,2.0,2.247011952191235,
2.0224719101123596,2.0384615384615383,2.0654205607476634,2.2110091743119265,2.0,
2.1686746987951806,2.063380281690141,2.0208333333333335,2.1153846153846154,2.056338028169014,
2.011764705882353,2.0625,2.065693430656934,2.2371794871794872,2.0,
2.0,2.0408163265306123,2.1416666666666666,2.1481481481481484,2.0,
2.146551724137931,2.018018018018018,2.338129496402878,2.0294117647058822,2.210526315789474,
2.3870967741935485,2.1,2.0606060606060606,2.1259259259259258,2.025,
2.073529411764706,2.225,2.0782608695652174,2.297872340425532,2.0,
2.118181818181818,2.15748031496063,2.096774193548387,2.0,2.3526570048309177,
2.0792682926829267,2.0956521739130434,2.101010101010101,2.0568181818181817,2.03,
2.0,2.41875,2.204225352112676,2.2389380530973453,2.2337662337662336,
2.0,2.2781065088757395,2.0,2.0708661417322833,2.0375,
2.017543859649123,2.16260162601626,2.138364779874214,2.097560975609756,2.101449275362319,
2.0,2.079710144927536,2.014925373134328,2.0,2.5172413793103448,
2.3767123287671232,2.15748031496063,2.0091743119266057,2.0,2.258426966292135,
2.0476190476190474,2.880434782608696,2.3080357142857144,2.0,2.2758620689655173,
2.237885462555066,2.008771929824561,2.0277777777777777,2.0126582278481013,2.206896551724138,
2.098360655737705,2.0,2.0,2.010869565217391,2.3588235294117648,
2.1574074074074074,2.0606060606060606,2.0,2.0082644628099175,2.0285714285714285,
2.2983870967741935,2.087378640776699,2.144230769230769,2.186046511627907,2.074829931972789,
2.15625,2.014925373134328,2.0719424460431655,2.0,2.1901408450704225,
2.030075187969925,2.146551724137931,2.106194690265487,2.095890410958904,2.032,
2.0172413793103448,2.108527131782946,2.18407960199005,2.225988700564972,2.1044776119402986,
2.075268817204301,2.216,2.0661157024793386,2.3767441860465115,2.0,
2.3444976076555024,2.7,2.1682242990654204,2.2044198895027622,2.016,
2.0764331210191083,2.0631578947368423,2.096,2.040650406504065,2.1582278481012658,
2.0725806451612905,2.0232558139534884,2.0294117647058822,2.0,2.122950819672131,
2.6115702479338845,2.1805555555555554,2.1007194244604315,2.0150375939849625,2.1473684210526316,
2.0288461538461537,2.2439024390243905,2.053763440860215,2.169811320754717,2.0,
2.0,2.0,2.1392405063291138,2.0084745762711864,2.0970873786407767,
2.1313131313131315,2.213740458015267,2.248062015503876,2.021897810218978,2.016260162601626,
2.074074074074074,2.1159420289855073,2.057142857142857,2.0481283422459895,2.125,
2.0393700787401574,2.034090909090909,2.6702127659574466,2.098684210526316,2.1403508771929824,
2.124463519313305,2.211340206185567,2.2,2.0833333333333335,2.07,
2.191616766467066,2.2330827067669174,2.077777777777778,2.1705426356589146,2.3734177215189876,
2.0,2.1140350877192984,2.125,2.0,2.0,
2.1476510067114094,2.0,2.056603773584906,2.0,2.1581632653061225,
2.1094890510948905,2.034782608695652,2.095808383233533,2.389473684210526,2.017857142857143,
2.066666666666667,2.09009009009009,2.427536231884058,2.0112359550561796,2.0,
2.0,2.161111111111111,2.1435897435897435,2.185185185185185,2.2025316455696204,
2.1181102362204722,2.024390243902439,2.4038461538461537,2.018018018018018,2.0,
2.0729166666666665,2.056603773584906,2.104761904761905,2.0,2.0347222222222223,
2.0412371134020617,2.232394366197183,2.0,2.036036036036036,2.1043478260869564,
2.0531914893617023,2.0789473684210527,2.0,2.0365853658536586,2.0757575757575757,
2.009009009009009,2.1232876712328768,2.119205298013245,2.089041095890411,2.248447204968944,
2.16,2.0925925925925926,2.34375,2.0935672514619883,2.0827586206896553,
2.014705882352941,2.2485207100591715,2.231527093596059,2.157608695652174,2.256880733944954,
2.3087248322147653,2.0,2.089430894308943,2.0,2.0,
2.0,2.0,2.052287581699346,2.0559006211180124,2.1458333333333335,
2.0,2.044642857142857,2.1635220125786163,2.0904255319148937,2.113095238095238,
2.021897810218978,2.0,2.188976377952756,2.0,2.0604026845637584,
2.0089285714285716,2.0296296296296297,2.1188811188811187,2.1705426356589146,2.0552147239263805,
2.058139534883721,2.175438596491228,2.1989528795811517,2.0720720720720722,2.121212121212121,
2.115107913669065,2.0,2.0,2.0,2.1515151515151514,
2.026666666666667,2.1314285714285712,2.05,2.0327868852459017,2.208791208791209,
2.2831858407079646,2.0,2.023076923076923,2.351145038167939,2.2839506172839505,
2.0,2.28021978021978,2.079646017699115,2.0,2.0,
2.533678756476684,2.0714285714285716,2.042016806722689,2.219047619047619,2.1721311475409837,
2.099009900990099,2.0,2.0840336134453783,2.1769911504424777,2.7480916030534353,
2.0,2.2118226600985222,2.0,2.1735537190082646,2.1018518518518516,
2.1648351648351647,2.2094240837696337,2.1714285714285713,2.0585365853658537,2.122137404580153,
2.043010752688172,2.0277777777777777,2.0,2.1315789473684212,2.0,
2.065693430656934,2.0927835051546393,2.0,2.010204081632653,2.1147540983606556,
2.1386138613861387,2.0606060606060606,2.0,2.1492537313432836,2.1041666666666665,
2.028985507246377,2.0,2.306122448979592,2.2740384615384617,2.0229885057471266,
2.186046511627907,2.0,2.0,2.084507042253521,2.7569060773480665,
2.0833333333333335,2.0303030303030303,2.2653061224489797,2.0,2.0168067226890756,
2.051282051282051,2.1052631578947367,2.1264367816091956,2.0,2.0642857142857145,
2.0,2.779874213836478,2.0,2.2111801242236027,2.107843137254902,
2.0701754385964914,2.0,2.1503759398496243,2.0352941176470587,2.0,
2.0202020202020203,2.073170731707317,2.2406015037593985,2.0,2.0309278350515463,
2.396449704142012,2.251700680272109,2.0,2.1145833333333335,2.0,
2.259259259259259,2.211340206185567,2.088607594936709,2.2481751824817517,2.1908127208480566,
2.0,2.1584158415841586,2.0,2.0,2.0,
2.3146853146853146,2.0,2.3072289156626504,2.132947976878613,2.1769230769230767,
2.0,2.0377358490566038,2.1894736842105265,2.0916030534351147,2.151898734177215,
2.0555555555555554,2.3020833333333335,2.0,2.0,2.360544217687075,
2.42603550295858,2.132867132867133,2.0121951219512195,2.009009009009009,2.0736842105263156,
2.1481481481481484,2.0,2.0,2.102189781021898,2.183206106870229,
2.1641791044776117,2.178343949044586,2.1928934010152283,2.0,2.0994152046783627,
2.5714285714285716,2.5064935064935066,2.1515151515151514,2.1510791366906474,2.0774647887323945,
2.162303664921466,2.0338983050847457,2.25,2.121495327102804,2.2714285714285714,
2.9,2.0106382978723403,2.0694444444444446,2.1074380165289255,2.0,
2.037593984962406,2.264367816091954,2.0,2.035211267605634,2.0310077519379846,
2.0,2.2857142857142856,2.06993006993007,2.401360544217687,2.0806451612903225,
2.0074626865671643,2.0625,2.0,2.018348623853211,2.0484848484848484,
2.019230769230769,2.2560975609756095,2.0,2.0344827586206895,2.3860759493670884,
2.0,2.0,2.0,2.0,2.0689655172413794,
2.013986013986014,2.07,2.0517241379310347,2.3448275862068964,2.1655172413793102,
2.0,2.046511627906977,2.077777777777778,2.142857142857143,2.194915254237288,
2.08974358974359,2.1989247311827955,2.0264900662251657,2.214689265536723,2.0104166666666665,
2.1721311475409837,2.0,2.2142857142857144,2.125984251968504,2.038095238095238,
2.1032258064516127,2.1707317073170733,2.204724409448819,2.076923076923077,2.0575539568345325,
2.0,2.2719298245614037,2.0,2.0,2.1103896103896105,
2.2142857142857144,2.0,2.116788321167883,2.0,2.0,
2.07185628742515,2.127906976744186,2.033333333333333,2.1981981981981984,2.0397350993377485,
2.06140350877193,2.0,2.0,2.090909090909091,2.0,
2.0,2.0,2.0,2.0594059405940595,2.1510791366906474,
2.043103448275862,2.1772151898734178,2.300429184549356,2.0489510489510487,2.1032258064516127,
2.1487603305785123,2.129251700680272,2.150943396226415,2.0256410256410255,2.0153846153846153,
2.1594202898550723,2.015267175572519,2.2113821138211383,2.0569105691056913,2.0551181102362204,
2.5195530726256985,2.0238095238095237,2.0,2.088607594936709,2.1120689655172415,
2.0,2.0,2.25,2.0,2.0673076923076925,
2.1488095238095237,2.227272727272727,2.1603053435114505,2.1843971631205674,2.031578947368421,
2.0078740157480315,2.082802547770701,2.1142857142857143,2.0,2.0671140939597317,
2.032051282051282,2.3177083333333335,2.09,2.3846153846153846,2.0846153846153848,
2.029850746268657,2.0074074074074075,2.2887700534759357,2.0072992700729926,2.1283783783783785,
2.0,2.0573248407643314,2.0,2.0,2.0303030303030303,
2.1977401129943503,2.0,2.1875,2.0,2.2222222222222223,
2.0,2.309417040358744,2.056603773584906,2.366279069767442,2.036764705882353,
2.106951871657754,2.04375,2.0337837837837838,2.2357142857142858,2.0,
2.2,2.2279411764705883,2.5046728971962615,2.074766355140187,2.1324503311258276,
2.0504201680672267,2.2079646017699117,2.0308641975308643,2.0,2.1102362204724407,
2.1073825503355703,2.0357142857142856,2.0,2.125,2.036697247706422,
2.086206896551724,2.0,2.0555555555555554,2.172661870503597,2.102189781021898,
2.1907894736842106,3.7035398230088497,2.2,2.075862068965517,2.1666666666666665,
2.0789473684210527,2.2546583850931676,2.130718954248366,2.2023809523809526,2.138888888888889,
2.2170542635658914,2.3588235294117648,2.4424242424242424,2.077777777777778,2.108108108108108,
2.090497737556561,2.0793650793650795,2.5253164556962027,2.0588235294117645,2.0984848484848486,
2.1313868613138687,2.2028985507246377,2.0,2.0,2.1058823529411765,
2.028776978417266,2.19,2.141509433962264,2.140740740740741,2.1038251366120218,
2.080745341614907,2.0,2.136986301369863,2.2720588235294117,2.0454545454545454,
2.168067226890756,2.437837837837838,2.139130434782609,2.235294117647059,2.471014492753623,
2.018018018018018,2.0794701986754967,2.037878787878788,2.0901639344262297,2.006666666666667,
2.2109375,2.0,2.575,2.0,2.2318840579710146,
2.1772151898734178,2.032258064516129,2.3433734939759034,2.16260162601626,2.1105527638190953,
2.0296296296296297,2.2074074074074073,2.0,2.1214285714285714,2.021276595744681,
2.160919540229885,2.0454545454545454,2.0,2.0806451612903225,2.0,
2.128787878787879,2.038216560509554,2.017094017094017,2.008130081300813,2.1917098445595853,
2.032520325203252,2.10625,2.056338028169014,2.078212290502793,2.4934210526315788,
2.0875,2.185567010309278,2.0,2.1012658227848102,2.09,
2.270440251572327,2.0265486725663715,2.1502890173410405,2.0,2.1125827814569536,
2.056179775280899,2.0738255033557045,2.019607843137255,2.2994350282485874,2.036697247706422,
2.0,2.1030927835051547,2.0,2.0942028985507246,2.0,
2.401360544217687,2.0884353741496597,2.040983606557377,2.0,2.012987012987013,
2.0,2.141509433962264,2.0,2.0,2.4107142857142856,
2.0348837209302326,2.0,2.0,2.0,2.058333333333333,
2.036697247706422,2.0267857142857144,2.245508982035928,2.0,2.3299492385786804,
2.5674603174603177,2.0,2.1625,2.0,2.0508474576271185,
2.0208333333333335,2.270408163265306,2.0273972602739727,2.07103825136612,2.1642512077294684,
2.0980392156862746,2.1379310344827585,2.0,2.0172413793103448,2.0,
2.2482758620689656,2.1120689655172415,2.079710144927536,2.1020408163265305,2.1185185185185187,
2.1627906976744184,2.1475409836065573,2.127659574468085,2.081081081081081,2.0,
2.1755725190839694,2.0268456375838926,2.688259109311741,2.241573033707865,2.2,
2.0,2.15,2.144385026737968,2.0,2.061946902654867,
2.0086206896551726,2.2111111111111112,2.0307692307692307,2.0578512396694215,2.19811320754717,
2.3020408163265307,2.065693430656934,2.0,2.0,2.188679245283019,
2.408333333333333,2.2388059701492535,2.2534246575342465,2.0652173913043477,2.0,
2.0,2.0,2.795121951219512,2.0,2.0,
2.2051282051282053,2.141509433962264,2.035971223021583,2.0610687022900764,2.0,
2.0,2.0485436893203883,2.3480662983425415,2.0,2.2531645569620253,
2.050724637681159,2.0,2.1510791366906474,2.0294117647058822,2.42,
2.0,2.25,2.1946902654867255,2.1322314049586777,2.125,
2.1353383458646618,2.053763440860215,2.3513513513513513,2.0,2.4107142857142856,
2.3297872340425534,2.0,2.0,2.0901639344262297,2.02803738317757,
2.045045045045045,2.1640625,2.3076923076923075,2.0,2.142857142857143,
2.0,2.159090909090909,2.1550802139037435,2.1808510638297873,2.0,
2.0069444444444446,2.049645390070922,2.048076923076923,2.0817610062893084,2.0,
2.1575342465753424,2.0,2.0555555555555554,2.10989010989011,2.2653061224489797,
2.118279569892473,2.5081967213114753,2.1825396825396823,2.064814814814815,2.305084745762712,
2.0707070707070705,2.106060606060606,2.225165562913907,2.198529411764706,2.414772727272727,
2.0,2.0,2.217741935483871,2.0357142857142856,2.008695652173913,
2.0357142857142856,2.0,2.0310077519379846,2.0495049504950495,2.125,
2.248447204968944,2.012987012987013,2.0,2.0,2.1020408163265305,
2.1953125,2.0,2.0864197530864197,2.099009900990099,2.0,
2.25,2.0,2.310344827586207,2.1404958677685952,2.0,
2.0,2.0838709677419356,2.325358851674641,2.0,2.206451612903226,
2.0,2.0425531914893615,2.0348837209302326,2.0,2.01010101010101,
2.0303030303030303,2.051546391752577,2.056603773584906,2.089655172413793,2.0,
2.0,2.0252100840336134,2.036231884057971,2.0,2.0,
2.0,2.0,2.2476190476190476,2.089108910891089,2.2222222222222223,
2.0684931506849313,2.10062893081761,2.019047619047619,2.099378881987578,2.2185792349726774,
2.238095238095238,2.006993006993007,2.0847457627118646,2.3983050847457625,2.0974025974025974,
2.0,2.022727272727273,2.0,2.079710144927536,2.0925925925925926,
2.4504950495049505,2.1865284974093266,2.0729166666666665,2.25,2.0,
2.0,2.2738095238095237,2.2083333333333335,2.04,2.0,
2.064516129032258,2.0642857142857145,2.0,2.0,2.0217391304347827,
2.0714285714285716,2.03,2.103448275862069,2.2162162162162162,2.0,
2.0,2.3046357615894038,2.368131868131868,2.2208588957055215,2.1360544217687076,
2.0412371134020617,2.0,2.0277777777777777,2.0,2.0353982300884956,
2.287671232876712,2.382978723404255,2.0535714285714284,2.1179775280898876,2.141732283464567,
2.2013422818791946,2.0869565217391304,2.130081300813008,2.2238805970149254,2.0689655172413794,
2.051282051282051,2.090909090909091,2.1801242236024843,2.210526315789474,2.0551181102362204,
2.046666666666667,2.0,2.074829931972789,2.024,2.0,
2.0,2.181318681318681,2.325,2.0168067226890756,2.0,
2.096,2.1875,2.11340206185567,2.0082644628099175,2.0878378378378377,
2.106060606060606,2.018181818181818,2.055944055944056,2.0,2.0,
2.345971563981043,2.1386138613861387,2.0337837837837838,2.0673575129533677,2.149484536082474,
2.056603773584906,2.1013513513513513,2.129496402877698,2.051546391752577,2.0,
2.0833333333333335,2.048076923076923,2.1739130434782608,2.1940298507462686,2.0120481927710845,
2.1048387096774195,2.0303030303030303,2.4210526315789473,2.0841121495327104,2.061349693251534,
2.0444444444444443,2.015873015873016,2.372093023255814,2.2058823529411766,2.0,
2.1083333333333334,2.0,2.108108108108108,2.1259259259259258,2.288135593220339,
2.093525179856115,2.0,2.2408376963350785,2.1092436974789917,2.142105263157895,
2.6540880503144653,2.4129353233830844,2.0316455696202533,2.142857142857143,2.1777777777777776,
2.0753424657534247,2.0839160839160837,2.201219512195122,2.1808510638297873,2.3227848101265822,
2.503448275862069,2.1059602649006623,2.0,2.0782608695652174,2.150326797385621,
2.0277777777777777,2.0193548387096776,2.3769633507853403,2.0914285714285716,2.1550387596899223,
2.1621621621621623,2.0,2.0510204081632653,2.0,2.0,
2.0568181818181817,2.054421768707483,2.3209302325581396,2.096774193548387,2.006060606060606,
2.0476190476190474,2.1813471502590676,2.2081218274111674,2.1911764705882355,2.081081081081081,
2.0,2.0,2.0,2.0,2.0943396226415096,
2.1710526315789473,2.0172413793103448,2.1904761904761907,2.125,2.2890625,
2.176470588235294,2.0338983050847457,2.0388349514563107,2.1171875,2.0,
2.0,2.0,2.0,2.0,2.175,
2.1818181818181817,2.2236024844720497,2.057471264367816,2.0,2.2339181286549707,
2.1560283687943262,2.046153846153846,2.0504201680672267,2.2153846153846155,2.021978021978022,
2.126315789473684,2.1016949152542375,2.737623762376238,2.4095744680851063,2.25,
2.2285714285714286,2.02,2.311111111111111,2.103448275862069,2.0,
2.0220588235294117,2.0,2.0,2.08,2.0,
2.0,2.0,2.1297709923664123,2.094017094017094,2.046153846153846,
2.073446327683616,2.0491803278688523,2.246987951807229,2.0636942675159236,2.0,
2.1180124223602483,2.0,2.0,2.063380281690141,2.5323741007194243,
2.0,2.1320754716981134,2.1344086021505375,2.10062893081761,2.056338028169014,
2.1166666666666667,2.5445544554455446,2.0,2.0,2.232394366197183,
2.193877551020408,2.0,2.1372549019607843,2.0654205607476634,2.309734513274336,
2.076923076923077,2.65,2.037037037037037,2.033707865168539,2.0,
2.0,2.273381294964029,2.0,2.08,2.1031746031746033,
2.0,2.352201257861635,2.048780487804878,2.0229885057471266,2.0521739130434784,
2.176470588235294,2.0086206896551726,2.0,2.1733333333333333,2.0679611650485437,
2.0,2.1658291457286434,2.129251700680272,2.1506024096385543,2.127388535031847,
2.2262773722627736,2.210526315789474,2.231707317073171,2.2650602409638556,2.0,
2.6824324324324325,2.0510204081632653,2.0,2.032608695652174,2.0,
2.2093023255813953,2.018987341772152,2.0416666666666665,2.5990338164251208,2.0388349514563107,
2.2062780269058297,2.0373831775700935,2.504854368932039,2.032,2.0,
2.0,2.1481481481481484,2.0136986301369864,2.0,2.1619718309859155,
2.0,2.1166666666666667,2.201550387596899,2.0303030303030303,2.0,
2.3364055299539173,2.0,2.1515151515151514,2.017857142857143,2.230769230769231,
2.03125,2.0584415584415585,2.075187969924812,2.126984126984127,2.073394495412844,
2.1041666666666665,2.0787878787878786,2.0166666666666666,2.0296296296296297,2.1386861313868613,
2.2545454545454544,2.088709677419355,2.0625,2.1901408450704225,2.0,
2.072463768115942,2.0555555555555554,2.0684931506849313,2.0779220779220777,2.5208333333333335,
2.5210526315789474,2.0481927710843375,2.165562913907285,2.062111801242236,2.3349056603773586,
2.2,2.050724637681159,2.24,2.0,2.0,
2.1586206896551725,2.0,2.0636363636363635,2.040983606557377,2.1951219512195124,
2.0259740259740258,2.046875,2.131868131868132,2.168421052631579,2.0,
2.0277777777777777,2.0,2.144,2.1458333333333335,2.01010101010101,
2.0166666666666666,2.0,2.0638297872340425,2.1675675675675676,2.046511627906977,
2.5945945945945947,2.11340206185567,2.5084745762711864,2.161290322580645,2.036697247706422,
2.063063063063063,2.0,2.02027027027027,2.20863309352518,2.037037037037037,
2.081818181818182,2.0294117647058822,2.2288135593220337,2.990521327014218,2.01,
2.1,2.0,2.25,2.0,2.372549019607843,
2.1487603305785123,2.1,2.5,2.11046511627907,2.015873015873016,
2.0373831775700935,2.066666666666667,2.134453781512605,2.094488188976378,2.2551724137931033,
2.0813008130081303,2.0,2.120967741935484,2.1666666666666665,2.0,
2.0396825396825395,2.088495575221239,2.05,2.0,2.0,
2.141361256544503,2.0,2.1806451612903226,2.0460526315789473,2.102189781021898,
2.1721311475409837,2.0,2.183673469387755,2.136,2.142857142857143,
2.8473282442748094,2.090909090909091,2.018181818181818,2.220779220779221,2.00625,
2.257575757575758,2.163157894736842,2.031578947368421,2.0,2.0080645161290325,
2.0,2.0,2.172727272727273,2.172932330827068,2.039473684210526,
2.1147540983606556,2.1153846153846154,2.018181818181818,2.0,2.058333333333333,
2.1257861635220126,2.1333333333333333,2.0,2.146551724137931,2.05,
2.0588235294117645,2.154320987654321,2.0916030534351147,2.0136054421768708,2.0,
2.052023121387283,2.111111111111111,2.1235955056179776,2.0,2.0055555555555555,
2.370860927152318,2.0,2.1402439024390243,2.0,2.4685714285714284,
2.104294478527607,2.0,2.0851063829787235,2.0,2.212871287128713,
2.169230769230769,2.0172413793103448,2.006849315068493,2.0163934426229506,2.0,
2.206896551724138,2.1555555555555554,2.0357142857142856,2.04,2.0,
2.160919540229885,2.0,2.12,2.108527131782946,2.2476190476190476,
2.195266272189349,2.335294117647059,2.01980198019802,2.0,2.106382978723404,
2.1283783783783785,2.021276595744681,2.0809248554913293,2.341463414634146,2.104,
2.0130718954248366,2.0,2.2142857142857144,2.0,2.3734177215189876,
2.188311688311688,2.25974025974026,2.1094890510948905,2.0,2.0463576158940397,
2.0,2.37,2.140740740740741,2.0185185185185186,2.76878612716763,
2.0476190476190474,2.0,2.0357142857142856,2.0078740157480315,2.0,
2.05607476635514,2.064516129032258,2.126315789473684,2.0568181818181817,2.3435114503816794,
2.213235294117647,2.097560975609756,2.1027397260273974,2.3047210300429186,2.0,
2.0,2.253623188405797,2.2302158273381294,2.13265306122449,2.5793650793650795,
2.0,2.0,2.0165289256198347,2.1619718309859155,2.0,
2.0,2.0240963855421685,2.0252100840336134,2.0672268907563027,2.1363636363636362,
2.173611111111111,2.0,2.0517241379310347,2.0,2.0,
2.3403361344537816,2.2146341463414636,2.0,2.0,2.0,
2.2232558139534886,2.138655462184874,2.0334928229665072,2.2958333333333334,2.0392156862745097,
2.0,2.125,2.0985915492957745,2.0,2.0576923076923075,
2.0,2.0,2.1560283687943262,2.017543859649123,2.1555555555555554,
2.0,2.2098765432098766,2.0,2.0,2.126315789473684,
2.0,2.0,2.084507042253521,2.25,2.3059360730593608,
2.028368794326241,2.1826086956521737,2.120805369127517,2.048780487804878,2.0597014925373136,
2.0,2.0,2.167741935483871,2.2808988764044944,2.0294117647058822,
2.411111111111111,2.392638036809816,2.0784313725490198,2.0166666666666666,2.5531914893617023,
2.0,2.114503816793893,2.0396039603960396,2.074626865671642,2.0,
2.1074380165289255,2.01,2.0,2.0714285714285716,2.0,
2.161073825503356,2.10625,2.0080645161290325,2.151315789473684,2.0,
2.0642201834862384,2.037037037037037,2.0,2.0,2.2248062015503876,
2.0988372093023258,2.1772151898734178,2.121794871794872,2.1103896103896105,2.0,
2.337748344370861,2.0606060606060606,2.0720720720720722,2.2390243902439027,2.124031007751938,
2.2545454545454544,2.042372881355932,2.1379310344827585,2.0,2.0,
2.090909090909091,2.0384615384615383,2.4146341463414633,2.0526315789473686,2.3,
2.0,2.0,2.111111111111111,2.046728971962617,2.125,
2.111111111111111,2.0083333333333333,2.272727272727273,2.015151515151515,2.082089552238806,
2.4060913705583755,2.4683544303797467,2.689873417721519,2.0215827338129495,2.1808510638297873,
2.027027027027027,2.063380281690141,2.104761904761905,2.4014598540145986,2.1142857142857143,
2.108527131782946,2.125,2.184971098265896,2.1705882352941175,2.0194805194805197,
2.4846153846153847,2.047945205479452,2.0,2.017543859649123,2.0827586206896553,
2.183673469387755,2.1280487804878048,2.0,2.2127659574468086,2.0628930817610063,
2.152542372881356,2.0,2.022222222222222,2.1666666666666665,2.090909090909091,
2.3381642512077296,2.1262626262626263,2.1165644171779143,2.157303370786517,2.0784313725490198,
2.1544117647058822,2.0163934426229506,2.1241379310344826,2.081967213114754,2.3035714285714284,
2.0648648648648646,2.4909090909090907,2.0606060606060606,2.1902439024390246,2.0,
2.097560975609756,2.1707317073170733,2.0606060606060606,2.0,2.0,
2.1885714285714286,2.0,2.021276595744681,2.057377049180328,2.159090909090909,
2.1550387596899223,2.1058823529411765,2.0166666666666666,2.106060606060606,2.408759124087591,
2.231958762886598,2.0,2.0,2.1007194244604315,2.389473684210526,
2.043010752688172,2.0842105263157893,2.064516129032258,2.2865853658536586,2.281437125748503,
2.38860103626943,2.022727272727273,2.025,2.0291970802919708,2.0,
2.198581560283688,2.0,2.0,2.0618556701030926,2.048611111111111,
2.294736842105263,2.0128205128205128,2.0,2.0140845070422535,2.138888888888889,
2.046979865771812,2.075187969924812,2.0852713178294575,2.4833333333333334,2.0,
2.00990099009901,2.0784313725490198,2.1052631578947367,2.0974025974025974,2.1818181818181817,
2.1610169491525424,2.201492537313433,2.4932432432432434,2.2535211267605635,2.0,
2.08,2.1677018633540373,2.0303030303030303,2.0927835051546393,2.0,
2.0595238095238093,2.032258064516129,2.0,2.1176470588235294,2.1551724137931036,
2.1097560975609757,2.0294117647058822,2.169811320754717,2.047945205479452,2.064814814814815,
2.1490683229813663,2.0816326530612246,2.1142857142857143,2.0,2.1,
2.0695652173913044,2.0,2.0,2.1444444444444444,2.1186440677966103,
2.3655172413793104,2.1186440677966103,2.203252032520325,2.026315789473684,2.219047619047619,
2.1283783783783785,2.2275449101796405,2.0,2.498168498168498,2.0580645161290323,
2.018987341772152,2.0354609929078014,2.1884057971014492,2.1474358974358974,2.1475409836065573,
2.0,2.0085470085470085,2.0,2.0641025641025643,2.090909090909091,
2.1311475409836067,2.107142857142857,2.073170731707317,2.1782178217821784,2.0783132530120483,
2.1923076923076925,2.0,2.0697674418604652,2.164285714285714,2.0303030303030303,
2.0,2.1203007518796992,2.810996563573883,2.0409356725146197,2.0,
2.029850746268657,2.0491803278688523,2.0,2.07,2.132867132867133,
2.0991735537190084,2.130434782608696,2.0185185185185186,2.2160493827160495,2.2551724137931033,
2.1193181818181817,2.1354838709677417,2.058139534883721,2.3087719298245615,2.0,
2.0,2.1136363636363638,2.0,2.38659793814433,2.090909090909091,
2.0672268907563027,2.193103448275862,2.0,2.0275229357798166,2.015267175572519,
2.074074074074074,2.1623376623376624,2.222826086956522,2.2885906040268456,2.0,
2.118811881188119,2.0,2.0,2.24,2.018018018018018,
2.103448275862069,2.2641509433962264,2.03125,2.0948275862068964,2.0,
2.2318840579710146,2.064516129032258,2.0,2.0,2.172043010752688,
2.0089285714285716,2.0,2.0327868852459017,2.218390804597701,2.0,
2.5869565217391304,2.0258620689655173,2.0,2.0416666666666665,2.0725806451612905,
2.216666666666667,2.277227722772277,2.1327433628318584,2.0,2.2238805970149254,
2.0,2.056179775280899,2.1515151515151514,2.089108910891089,2.3933649289099526,
2.058252427184466,2.092436974789916,2.4184397163120566,2.1311475409836067,2.111111111111111,
2.2142857142857144,2.1527777777777777,2.04040404040404,2.021978021978022,2.0,
2.0,2.0,2.0934579439252334,2.1420118343195265,2.0,
2.0,2.05,2.0638297872340425,2.1417910447761193,2.080808080808081,
2.3284671532846715,2.0091743119266057,2.0970873786407767,2.2598425196850394,2.240437158469945,
2.174193548387097,2.0,2.1605839416058394,2.115107913669065,2.073394495412844,
2.211764705882353,2.0,2.172727272727273,2.065693430656934,2.1607142857142856,
2.0,2.073446327683616,2.012987012987013,2.2181818181818183,2.2264957264957266,
2.1264367816091956,2.2777777777777777,4.208333333333333,2.0719424460431655,2.1216216216216215,
2.051851851851852,2.1574074074074074,2.080808080808081,2.0294117647058822,2.06993006993007,
2.124031007751938,2.1547619047619047,2.299145299145299,2.0,2.010204081632653,
2.0454545454545454,2.0591397849462365,2.165714285714286,2.0,2.020408163265306,
2.019230769230769,2.2416107382550337,2.0723684210526314,2.0,2.172932330827068,
2.216666666666667,2.0654205607476634,2.278688524590164,2.0,2.106382978723404,
2.4205128205128204,2.5281385281385282,2.1845238095238093,2.0866141732283463,2.0142857142857142,
2.2,3.131782945736434,2.1863636363636365,2.030075187969925,2.202247191011236,
2.0789473684210527,2.0238095238095237,2.0,2.0,2.2467532467532467,
2.7488372093023257,2.15748031496063,2.080745341614907,2.1011904761904763,2.0,
2.1656050955414012,2.269230769230769,2.0,2.0,2.0526315789473686,
2.0,2.0,2.066666666666667,2.526315789473684,2.0285714285714285,
2.2375690607734806,2.172661870503597,2.0,2.0387096774193547,2.152173913043478,
2.0,2.212962962962963,2.1506849315068495,2.0921985815602837,2.172932330827068,
2.0,2.111940298507463,2.1449275362318843,2.0,2.018348623853211,
2.1987951807228914,2.0,2.0,2.2095238095238097,2.0472972972972974,
2.0,2.1526717557251906,2.0492957746478875,2.0413793103448277,2.26,
2.3254437869822486,2.3313253012048194,2.0,2.1904761904761907,2.1052631578947367,
2.0,2.394904458598726,2.172222222222222,2.0,2.28099173553719,
2.114864864864865,2.061946902654867,2.1486486486486487,2.1023622047244093,2.1150442477876106,
2.260869565217391,2.092857142857143,2.007042253521127,2.3485714285714288,2.12396694214876,
2.049019607843137,2.265734265734266,2.4242424242424243,2.0229885057471266,2.2146596858638743,
2.09375,2.1327433628318584,2.0530973451327434,2.024793388429752,2.3518518518518516,
2.590909090909091,2.418848167539267,2.0,2.1603053435114505,2.25,
2.104265402843602,2.0239520958083834,2.0,3.250996015936255,2.0437956204379564,
2.08,2.0660377358490565,2.2814814814814817,2.2195121951219514,2.0104166666666665,
2.153284671532847,2.088888888888889,2.5340314136125652,2.193103448275862,2.2152777777777777,
2.1157894736842104,2.014705882352941,2.016,2.167832167832168,2.2777777777777777,
2.088050314465409,2.0,2.1176470588235294,2.27027027027027,2.016949152542373,
2.037037037037037,2.0628930817610063,2.1074380165289255,2.2447552447552446,2.0869565217391304,
2.1366459627329193,2.2884615384615383,2.0,2.0,2.0,
2.323809523809524,2.0616438356164384,2.0,2.3069767441860467,2.121212121212121,
2.220125786163522,2.0,2.1149425287356323,2.0,2.0,
2.111731843575419,2.0,2.2944444444444443,2.088607594936709,2.4767441860465116,
2.3175182481751824,2.1475409836065573,2.342245989304813,2.2148760330578514,2.0403225806451615,
2.0793650793650795,2.0869565217391304,2.1530612244897958,2.0288461538461537,2.15,
2.2857142857142856,2.0,2.0725806451612905,2.5330578512396693,2.0,
2.12,2.458563535911602,2.0,2.1510791366906474,2.006666666666667,
2.6704545454545454,2.183333333333333,2.1743119266055047,2.2857142857142856,2.0,
2.364406779661017,2.0838709677419356,2.087719298245614,2.2283464566929134,2.0,
2.9604519774011298,2.1463414634146343,2.0,2.0,2.0353982300884956,
2.021505376344086,2.0,2.0134228187919465,2.1007194244604315,2.4166666666666665,
2.0,2.021276595744681,2.0,2.1709401709401708,4.088495575221239,
2.119565217391304,2.0,2.025,2.0416666666666665,2.0,
2.030075187969925,2.1454545454545455,2.1184210526315788,2.0,2.0,
2.2580645161290325,2.468208092485549,2.0396825396825395,2.1464968152866244,2.24,
2.0148148148148146,2.0454545454545454,2.177142857142857,2.0492957746478875,2.0,
2.0,2.211864406779661,2.0,2.0,2.142857142857143,
2.0,2.061224489795918,2.0,2.1458333333333335,2.178861788617886,
2.2033898305084745,2.314814814814815,2.2411764705882353,2.1640625,2.0,
2.075268817204301,2.1666666666666665,2.2268041237113403,2.085889570552147,2.157303370786517,
2.122950819672131,2.032608695652174,2.1707317073170733,2.096590909090909,2.053435114503817,
2.0,2.075187969924812,2.0344827586206895,2.3622047244094486,2.018181818181818,
2.0,2.0842105263157893,2.0,2.018018018018018,2.0194174757281553,
2.064,2.045112781954887,2.0984848484848486,2.0,2.040268456375839,
2.0059171597633134,2.06993006993007,2.082901554404145,2.236421725239617,2.1320754716981134,
2.1297709923664123,2.1724137931034484,2.255813953488372,2.0,2.081081081081081,
2.2088607594936707,2.11,2.0,2.1813471502590676,2.134259259259259,
2.1484375,2.1052631578947367,2.13953488372093,2.0714285714285716,2.0434782608695654,
2.193548387096774,2.0,2.15625,2.371584699453552,2.085714285714286,
2.024390243902439,2.3548387096774195,2.0530973451327434,3.9497907949790796,2.0943396226415096,
2.0,2.0646766169154227,2.0285714285714285,2.0,2.100591715976331,
2.111940298507463,2.0,2.1449275362318843,2.0,2.0,
2.0113636363636362,2.6363636363636362,2.145038167938931,2.045977011494253,2.0,
2.0454545454545454,2.017543859649123,2.0,2.0576923076923075,2.0214285714285714,
2.0,2.3072289156626504,2.288732394366197,2.0,2.136094674556213,
2.0,2.0,2.4794520547945207,2.0350877192982457,2.0289017341040463,
2.0232558139534884,2.0,2.0825688073394497,2.1319444444444446,2.168831168831169,
2.112676056338028,2.1825396825396823,2.2100840336134455,2.064516129032258,2.25,
2.2146596858638743,2.066666666666667,2.0,2.0779220779220777,2.2395833333333335,
2.2125984251968505,2.148936170212766,2.4730538922155687,2.0,2.063063063063063,
2.1041666666666665,2.140939597315436,2.0,2.2747252747252746,2.1777777777777776,
2.098265895953757,2.189873417721519,2.1310344827586207,2.0,2.0,
2.135593220338983,2.102189781021898,2.408071748878924,2.1283783783783785,2.099378881987578,
2.5714285714285716,2.0916030534351147,2.0483870967741935,2.0,2.0,
2.3369565217391304,2.1510791366906474,2.018018018018018,2.145038167938931,2.0,
2.090909090909091,2.1346153846153846,2.032520325203252,2.0,2.0,
2.1544117647058822,2.0,2.057471264367816,2.0,2.1298701298701297,
2.0,2.0,2.0,2.0,3.611111111111111,
2.9853658536585366,2.00990099009901,2.1604938271604937,2.073529411764706,2.1796875,
2.0864197530864197,2.0821917808219177,2.0,2.159090909090909,2.0,
2.007575757575758,2.0,2.036697247706422,2.0,2.0,
2.2222222222222223,2.347826086956522,2.0869565217391304,2.227272727272727,2.106382978723404,
2.0140845070422535,2.0642201834862384,2.1494252873563218,2.423611111111111,2.1616161616161618,
2.0076923076923077,2.0344827586206895,3.606299212598425,2.375609756097561,2.280701754385965,
2.0,2.111940298507463,2.0642857142857145,2.2061068702290076,2.0824175824175826,
2.0,2.0125,2.121212121212121,2.015151515151515,2.0608695652173914,
2.0592105263157894,2.293269230769231,2.037037037037037,2.08187134502924,2.0,
2.1594202898550723,2.0081967213114753,2.0185185185185186,2.082089552238806,2.272727272727273,
2.0,2.0,2.2775510204081635,2.0393700787401574,2.1942857142857144,
2.463157894736842,2.0847457627118646,2.0431654676258995,2.213793103448276,2.1223021582733814,
2.2314410480349345,2.0,2.0,2.0,2.0441176470588234,
2.108695652173913,2.0,2.0364963503649633,2.225,2.006802721088435,
2.2153846153846155,2.2338709677419355,2.109375,2.0,2.0291970802919708,
2.0338983050847457,2.0580645161290323,2.0,2.0,2.179310344827586,
2.108843537414966,2.1826923076923075,2.148936170212766,2.169811320754717,2.108527131782946,
2.1875,2.0,2.395238095238095,2.036764705882353,2.264044943820225,
2.0064102564102564,2.024,2.121794871794872,2.0342465753424657,2.1315789473684212,
2.0,2.05,2.042372881355932,2.0,2.0,
2.142857142857143,2.2655367231638417,2.259259259259259,2.0,2.00990099009901,
2.04,2.3227848101265822,2.0,2.1646341463414633,2.2818791946308723,
2.0,2.033613445378151,2.515625,2.1728395061728394,2.0866141732283463,
2.029126213592233,2.153284671532847,2.0,2.330357142857143,2.0505050505050506,
2.0,2.376237623762376,2.127551020408163,2.0833333333333335,2.0686274509803924,
2.1517241379310343,2.04,2.204225352112676,2.0,2.0,
2.028776978417266,2.1666666666666665,2.017094017094017,2.05607476635514,2.1862068965517243,
2.0,2.306451612903226,2.0,2.036363636363636,2.1626506024096384,
2.0,2.18018018018018,2.1357142857142857,2.1009174311926606,2.256198347107438,
2.0719424460431655,2.0125,2.0869565217391304,2.0,2.113821138211382,
2.0,2.0,2.0,2.0686274509803924,2.0638297872340425,
2.0510204081632653,2.0,2.0,2.1156462585034013,2.0,
2.0808823529411766,2.0130718954248366,2.0,2.0434782608695654,2.1979166666666665,
2.0828729281767955,2.1375661375661377,2.0,2.0755813953488373,2.106508875739645,
2.090909090909091,2.0444444444444443,2.12,2.3588516746411483,2.0163934426229506,
2.1203703703703702,2.2994011976047903,2.1683673469387754,2.061349693251534,2.0,
2.0939597315436242,2.5588235294117645,2.1552795031055902,2.227642276422764,2.5019157088122603,
2.1130434782608694,2.15625,2.0,2.0615384615384613,3.831034482758621,
2.048780487804878,2.12,2.238095238095238,2.0,2.011764705882353,
2.140845070422535,2.0454545454545454,2.1097560975609757,2.1703703703703705,2.0229885057471266,
2.0655737704918034,2.4027777777777777,2.013888888888889,2.0,2.162303664921466,
2.0,2.072463768115942,2.3181818181818183,2.203252032520325,2.0,
2.06140350877193,2.1596638655462184,2.046153846153846,2.5672514619883042,2.0,
2.085714285714286,2.3,2.0961538461538463,2.0,2.227777777777778,
2.316546762589928,2.2222222222222223,2.0654205607476634,2.108108108108108,2.131455399061033,
2.0442477876106193,2.0215827338129495,2.0,2.0,2.069182389937107,
2.0484848484848484,2.0794701986754967,2.097902097902098,2.1029411764705883,2.150753768844221,
2.0,2.7193877551020407,2.2205882352941178,2.04320987654321,2.0,
3.1923076923076925,2.365217391304348,2.0873015873015874,2.0,2.0,
2.09,2.0,2.0,2.010869565217391,2.078125,
2.1181102362204722,2.4835164835164836,2.0,2.0308641975308643,2.174193548387097,
2.0491803278688523,2.056451612903226,2.4814814814814814,2.122950819672131,2.1066666666666665,
2.0753424657534247,2.3374233128834354,2.367857142857143,2.005128205128205,2.0,
2.1986301369863015,2.1724137931034484,2.125,2.1455696202531644,2.171974522292994,
2.0,2.042016806722689,2.2162162162162162,2.0841121495327104,2.223076923076923,
2.0,2.140625,2.1805555555555554,2.1623376623376624,2.088,
2.0,2.0,2.590551181102362,2.4642857142857144,2.130434782608696,
2.3,2.0,2.0098039215686274,2.0592592592592593,2.127853881278539,
2.1846153846153844,2.1641791044776117,2.3367875647668392,2.2459016393442623,2.2708333333333335,
2.3117647058823527,2.646511627906977,2.1734104046242773,2.0,2.0504201680672267,
2.271523178807947,2.1315789473684212,2.0930232558139537,2.262295081967213,2.1339285714285716,
2.0150375939849625,2.0,2.0526315789473686,2.0576923076923075,2.0096153846153846,
2.06140350877193,2.0,2.017543859649123,2.2035928143712575,2.1686746987951806,
2.6666666666666665,2.0869565217391304,2.1486486486486487,2.1621621621621623,2.1444444444444444,
2.203488372093023,2.0,2.299465240641711,2.1231884057971016,2.0575539568345325,
2.3412698412698414,2.0755813953488373,2.034965034965035,6.292220113851992,2.1684782608695654,
2.1811023622047245,2.3089005235602094,2.0719424460431655,2.053435114503817,2.0,
2.0,2.0,2.305,2.0338983050847457,2.0,
2.090909090909091,2.16875,2.035211267605634,2.2171052631578947,2.1818181818181817,
2.1169590643274856,2.1538461538461537,2.207373271889401,2.187878787878788,2.0,
2.080808080808081,2.1607142857142856,2.8627450980392157,2.1386138613861387,2.185567010309278,
2.0392156862745097,2.0,2.079710144927536,2.3333333333333335,2.0125,
2.0,2.037313432835821,2.4804469273743015,2.1457286432160805,2.0,
2.19375,2.064814814814815,2.0,2.0,2.142857142857143,
2.0,2.037037037037037,2.1049382716049383,2.0,2.130434782608696,
2.0816326530612246,2.0714285714285716,2.0,2.1313868613138687,2.081818181818182,
2.0208333333333335,2.025,2.108910891089109,2.0,2.25,
2.0,2.0691244239631335,2.0141509433962264,2.147410358565737,2.118556701030928,
2.056451612903226,2.5454545454545454,2.0,2.0677966101694913,2.1025641025641026,
2.3969465648854964,2.0425531914893615,2.0952380952380953,2.0,2.0,
2.0921985815602837,2.2843601895734595,2.0,2.0458715596330275,2.1,
2.088,2.2954545454545454,2.19327731092437,2.047169811320755,2.0681818181818183,
2.1354838709677417,2.5084745762711864,2.1256830601092895,2.140740740740741,2.255952380952381,
2.0285714285714285,2.0549450549450547,2.099290780141844,2.0984848484848486,2.108527131782946,
2.024390243902439,2.088495575221239,2.0714285714285716,2.019607843137255,2.086021505376344,
2.7134831460674156,2.0,2.031578947368421,2.0,2.0927835051546393,
2.072992700729927,2.0492957746478875,2.073170731707317,2.255813953488372,2.041322314049587,
2.0683760683760686,2.1228070175438596,2.153225806451613,2.0615384615384613,2.013793103448276,
2.185185185185185,2.176190476190476,2.164473684210526,2.8355555555555556,2.0451977401129944,
2.0,2.155688622754491,2.0234375,2.096,2.0,
2.1559633027522938,2.4285714285714284,2.19672131147541,2.011764705882353,2.0793650793650795,
2.073394495412844,2.120805369127517,2.042016806722689,2.050359712230216,2.045045045045045,
2.0,2.136986301369863,2.079136690647482,2.2459016393442623,2.1354166666666665,
2.296875,2.075268817204301,2.0714285714285716,2.135294117647059,2.1857142857142855,
2.1139240506329116,2.022222222222222,2.2448979591836733,2.210526315789474,2.0265486725663715,
2.1838235294117645,2.0,2.3197674418604652,2.057142857142857,2.2262773722627736,
2.047244094488189,2.3783783783783785,2.232,2.1219512195121952,2.1639344262295084,
2.194915254237288,2.6979166666666665,2.0,2.024390243902439,2.040983606557377,
2.302469135802469,2.1838235294117645,2.0555555555555554,2.1752577319587627,2.2244897959183674,
2.243478260869565,2.2941176470588234,2.139784946236559,2.41025641025641,2.302158273381295,
2.0,2.0588235294117645,2.1880341880341883,2.0,2.1666666666666665,
2.0,2.340909090909091,2.1478260869565218,2.010204081632653,2.018348623853211,
2.095744680851064,2.1538461538461537,2.0,2.7257383966244726,2.1095890410958904,
2.2774193548387096,2.2181818181818183,2.207920792079208,2.0,2.0535714285714284,
2.58125,2.0,2.0657894736842106,2.1927083333333335,2.0,
2.5104166666666665,2.0661157024793386,2.338129496402878,2.55045871559633,2.055045871559633,
2.0,2.179310344827586,2.446043165467626,2.0357142857142856,2.0,
2.2093023255813953,2.0145985401459856,2.197674418604651,2.2552083333333335,2.0,
2.082474226804124,2.0095238095238095,2.1923076923076925,2.076923076923077,2.0,
2.3374233128834354,2.0866666666666664,2.450381679389313,2.0103092783505154,2.0754716981132075,
2.2035928143712575,2.2572815533980584,2.0505050505050506,2.122950819672131,2.0,
2.223684210526316,2.0508474576271185,2.032967032967033,2.193548387096774,2.0866666666666664,
2.8699551569506725,2.0,2.2483660130718954,2.0,2.0615384615384613,
2.050632911392405,2.5943396226415096,2.1956521739130435,2.141304347826087,2.0,
2.1083333333333334,2.1810344827586206,2.1030927835051547,2.0422535211267605,2.2160804020100504,
2.0,2.115107913669065,2.0168067226890756,2.097902097902098,2.16969696969697,
2.032258064516129,2.1545454545454548,2.0636363636363635,2.411392405063291,2.1323529411764706,
2.15625,2.140625,2.027586206896552,2.3410852713178296,2.0681818181818183,
2.038095238095238,2.026315789473684,2.007518796992481,2.042016806722689,2.122448979591837,
2.1048387096774195,2.1944444444444446,2.12396694214876,2.7142857142857144,2.0,
2.0303030303030303,2.1293103448275863,2.1449275362318843,2.292682926829268,2.24375,
2.395121951219512,2.0,2.017857142857143,2.031578947368421,2.09009009009009,
2.0,2.1785714285714284,2.0,2.055045871559633,2.0163934426229506,
2.056603773584906,2.290909090909091,2.036697247706422,2.1507936507936507,2.0,
2.0,2.1871345029239766,2.277173913043478,2.0,2.0707070707070705,
2.1313868613138687,2.0,2.2018348623853212,2.0317460317460316,2.0,
2.2058823529411766,2.0,2.0,2.05,2.217391304347826,
2.0573248407643314,2.2466367713004485,2.0392156862745097,2.074324324324324,2.2025862068965516,
2.216,2.0,2.048611111111111,2.030534351145038,2.1012658227848102,
2.0,2.1565217391304348,2.088,2.24,2.0,
2.103448275862069,2.0,2.0703125,2.051282051282051,2.2196531791907512,
2.0080645161290325,2.0714285714285716,2.1526717557251906,2.021978021978022,2.037037037037037,
2.1619047619047618,2.0549450549450547,2.1122994652406417,2.0073529411764706,2.090909090909091,
2.0,2.366013071895425,2.169811320754717,2.0,2.2083333333333335,
2.0714285714285716,2.4864864864864864,2.0,2.3076923076923075,2.0342465753424657,
2.023121387283237,2.121212121212121,2.04,2.532051282051282,2.0,
2.0,2.0,2.0508474576271185,2.1129943502824857,2.3617021276595747,
2.0,2.016260162601626,2.090909090909091,2.168539325842697,2.0,
2.078014184397163,2.0608695652173914,2.208695652173913,2.0,2.111111111111111,
2.202185792349727,2.026315789473684,2.0,2.1486486486486487,2.0364963503649633,
2.2945205479452055,2.185185185185185,2.4295774647887325,2.115702479338843,2.111801242236025,
2.1555555555555554,2.111111111111111,2.111111111111111,2.3186274509803924,2.082706766917293,
2.057142857142857,2.196629213483146,2.2933333333333334,2.35625,2.014705882352941,
2.0526315789473686,2.0,2.453846153846154,2.2045454545454546,2.12396694214876,
2.019867549668874,2.2900763358778624,2.0206896551724136,2.1648351648351647,2.0,
2.2777777777777777,2.1125827814569536,2.0921985815602837,2.049019607843137,2.167741935483871,
2.1542857142857144,2.1052631578947367,2.1320754716981134,2.3295454545454546,2.1506849315068495,
2.049586776859504,2.074766355140187,2.0,2.522875816993464,2.1082802547770703,
2.040268456375839,2.0927835051546393,2.0294117647058822,2.0,2.0484848484848484,
2.033333333333333,2.1363636363636362,2.015151515151515,2.0697674418604652,2.046153846153846,
2.0703125,2.0256410256410255,2.0344827586206895,2.3134328358208953,2.036764705882353,
2.04,2.0,2.4263157894736844,2.6077348066298343,2.090909090909091,
2.156716417910448,2.119047619047619,2.2222222222222223,2.0697674418604652,2.138888888888889,
2.129032258064516,2.0,2.0,2.123076923076923,2.558139534883721,
2.0,2.0,2.0186915887850465,2.2,2.17032967032967,
2.1451612903225805,2.0,2.456953642384106,2.057377049180328,2.0522388059701493,
2.0,2.0166666666666666,2.2945205479452055,2.15748031496063,2.2797619047619047,
2.3548387096774195,2.1339285714285716,2.0892018779342725,2.4705882352941178,2.358695652173913,
2.078740157480315,2.0873015873015874,2.1953125,2.1339285714285716,2.307142857142857,
2.0,2.6216216216216215,2.2905027932960893,2.4914285714285715,2.0754716981132075,
2.1927710843373496,2.1073446327683616,2.1363636363636362,2.4306569343065694,2.0083333333333333,
2.0413793103448277,2.0972222222222223,2.0232558139534884,2.110497237569061,2.4573991031390134,
2.6401673640167362,2.1655172413793102,2.0,2.0,2.0,
2.0,2.146198830409357,2.03,2.0521739130434784,2.1260504201680672,
2.0785714285714287,2.0,2.0,2.017543859649123,2.175925925925926,
2.150943396226415,2.1375,2.033333333333333,2.0,2.0833333333333335,
2.0416666666666665,2.0,2.0288461538461537,2.2222222222222223,2.0,
2.418300653594771,2.0246913580246915,2.0,2.0,3.5555555555555554,
2.0,2.0,2.0865384615384617,2.214814814814815,2.049586776859504,
2.1769911504424777,2.0,2.268965517241379,2.167832167832168,2.123809523809524,
2.04040404040404,2.0377358490566038,2.108108108108108,2.0,2.0,
2.272727272727273,2.0240963855421685,2.4285714285714284,2.0793650793650795,2.0416666666666665,
2.06140350877193,2.1511627906976742,2.1695906432748537,2.0679611650485437,2.0,
2.1354166666666665,2.0655737704918034,2.3014354066985647,2.248618784530387,2.069620253164557,
2.079710144927536,2.0136986301369864,2.0229007633587788,2.135135135135135,2.7279693486590038,
2.142857142857143,2.0,2.129032258064516,2.0,2.486842105263158,
2.099236641221374,2.0,2.7125,2.1458333333333335,2.272108843537415,
2.019607843137255,2.020408163265306,2.038961038961039,2.02,2.022727272727273,
2.2158273381294964,2.0267857142857144,2.1476510067114094,2.2923976608187133,2.0,
2.0357142857142856,2.037037037037037,2.1315789473684212,2.057471264367816,2.058252427184466,
2.061946902654867,2.1293103448275863,2.0,2.0,2.0,
2.0,2.0,2.102272727272727,2.222972972972973,2.040983606557377,
2.081967213114754,2.114503816793893,2.29126213592233,2.1041666666666665,2.322314049586777,
2.15,2.0112359550561796,2.0,2.0,2.0,
2.2065217391304346,2.0,2.146551724137931,2.1666666666666665,2.3559322033898304,
2.2955974842767297,2.0437956204379564,2.044776119402985,2.216417910447761,2.0,
2.121739130434783,2.0,2.2612612612612613,2.0,2.032051282051282,
2.1164383561643834,2.230769230769231,2.0,2.059322033898305,2.2111801242236027,
2.0806451612903225,2.036764705882353,2.0277777777777777,2.0,2.0827586206896553,
2.307142857142857,2.0,2.0921985815602837,2.072463768115942,2.0,
2.1475409836065573,2.0,2.4502923976608186,2.0782608695652174,2.0114942528735633,
2.0533333333333332,2.0491803278688523,2.067484662576687,2.0425531914893615,2.439252336448598,
2.0076923076923077,2.109375,2.240506329113924,2.0434782608695654,2.0074626865671643,
2.15748031496063,2.2169811320754715,2.29,2.473684210526316,2.0,
2.4559585492227978,2.0,2.168141592920354,2.1181102362204722,2.294736842105263,
2.235294117647059,2.099290780141844,2.0,2.3089430894308944,2.152317880794702,
2.264705882352941,2.1456953642384105,2.056603773584906,2.045977011494253,2.013986013986014,
2.0267857142857144,2.0708661417322833,2.1528662420382165,2.0714285714285716,2.0,
2.0,2.0,2.139705882352941,2.0592105263157894,2.1037735849056602,
2.0340136054421767,2.031847133757962,2.1341463414634148,2.0,2.0602409638554215,
2.0,2.0,2.271493212669683,2.0833333333333335,2.2302631578947367,
2.1186440677966103,2.027972027972028,2.010752688172043,2.1636363636363636,2.033333333333333,
2.024,2.1566265060240966,2.1044776119402986,2.0,2.2142857142857144,
2.079136690647482,2.2674418604651163,2.0208333333333335,2.010869565217391,2.0,
2.03125,2.0,2.22,2.0902777777777777,2.0095238095238095,
2.1864406779661016,2.136,2.008403361344538,2.0,2.0294117647058822,
2.0,2.1818181818181817,2.0,2.0763358778625953,2.507575757575758,
2.139130434782609,2.1635220125786163,2.1271186440677967,2.1788079470198674,2.251336898395722,
2.4146341463414633,2.0,2.0762711864406778,2.1470588235294117,2.0961538461538463,
2.0,2.1589403973509933,2.207547169811321,2.1149425287356323,2.172727272727273,
2.0634920634920637,2.064327485380117,2.269230769230769,2.1267605633802815,2.0,
2.3487394957983194,2.0229007633587788,2.0620689655172413,2.084848484848485,2.048780487804878,
2.1578947368421053,2.0695652173913044,2.0,2.0246913580246915,2.0,
2.1103896103896105,2.0813008130081303,2.0991735537190084,2.388888888888889,2.3401360544217686,
2.0595238095238093,2.034188034188034,2.0,2.110169491525424,2.3796296296296298,
2.0,2.225563909774436,2.074324324324324,2.1638418079096047,2.1594202898550723,
2.1831683168316833,2.061349693251534,2.1875,2.111111111111111,2.19375,
2.0,2.1625,2.2444444444444445,2.0555555555555554,2.325,
2.0155038759689923,2.08,2.7182539682539684,2.1176470588235294,2.154639175257732,
2.0555555555555554,2.0,2.0,2.422110552763819,2.1451612903225805,
2.1266666666666665,2.0483870967741935,2.012121212121212,2.1550387596899223,2.1517241379310343,
2.0795454545454546,2.0416666666666665,2.1954022988505746,2.0792079207920793,2.18232044198895,
2.36734693877551,2.317829457364341,2.015748031496063,2.3333333333333335,2.0714285714285716,
2.076388888888889,2.6375,2.0,2.510989010989011,2.1016949152542375,
2.0,2.0,2.0,2.075,2.197080291970803,
2.1417910447761193,2.169811320754717,2.0736196319018405,2.1294117647058823,2.085526315789474,
2.0616438356164384,2.2131147540983607,2.019230769230769,2.0316455696202533,2.0129032258064514,
2.123076923076923,2.0,2.0,2.6666666666666665,2.0,
2.049382716049383,2.129496402877698,2.007751937984496,2.227272727272727,2.0,
2.088397790055249,2.0935672514619883,2.074626865671642,2.1543624161073827,2.15625,
2.0253164556962027,2.1238938053097347,2.0,2.0,2.1165644171779143,
2.4901960784313726,2.0,2.1707317073170733,2.1066666666666665,2.0,
2.0,2.0,2.0,2.0,2.0,
2.4859154929577465,2.1666666666666665,2.0,2.104,2.185567010309278,
2.076923076923077,2.046875,2.120879120879121,2.0,2.088888888888889,
2.0961538461538463,2.0084745762711864,2.0,2.268292682926829,2.0652173913043477,
2.0,2.105691056910569,2.274390243902439,2.0,2.118279569892473,
2.0655737704918034,2.0,2.1171875,2.1724137931034484,2.2850467289719627,
2.0229885057471266,2.1227272727272726,2.020979020979021,2.1180555555555554,2.050359712230216,
2.304,2.0,2.24,2.0,2.2389380530973453,
2.025,2.1293103448275863,2.1420118343195265,2.0,2.1197604790419162,
2.0,2.1824817518248176,2.1,2.085714285714286,2.4178082191780823,
2.091549295774648,2.1940298507462686,2.1690140845070425,2.081818181818182,2.195767195767196,
2.3142857142857145,2.153225806451613,2.093220338983051,2.1463414634146343,2.04,
2.0393700787401574,2.0545454545454547,2.2357142857142858,2.168831168831169,2.1358024691358026,
2.064814814814815,2.0555555555555554,2.0387596899224807,2.024390243902439,2.1,
2.171875,2.0208333333333335,2.0,2.2111111111111112,2.056603773584906,
2.1858974358974357,2.1373390557939915,2.0,2.0,2.159235668789809,
2.4154589371980677,2.2124352331606216,2.0797872340425534,2.271604938271605,2.0866666666666664,
2.164285714285714,2.0756302521008405,2.352601156069364,2.03125,2.183206106870229,
2.0693069306930694,2.3333333333333335,2.195876288659794,2.0396825396825395,2.1871345029239766,
2.0,2.743801652892562,2.0578512396694215,2.1256038647342996,2.1578947368421053,
2.39247311827957,2.0267857142857144,2.0186915887850465,2.2515337423312882,2.0555555555555554,
2.0,2.0,2.0,2.2283464566929134,2.5392156862745097,
2.1700680272108843,2.242424242424242,2.0,2.035211267605634,2.2512820512820513,
2.0,2.37603305785124,2.005649717514124,2.12396694214876,2.3354430379746836,
2.0,2.021978021978022,2.030534351145038,2.2649006622516556,2.0631578947368423,
2.0,2.1324503311258276,2.05607476635514,2.063380281690141,2.0,
2.1076923076923078,2.108433734939759,2.0,2.219047619047619,2.0,
2.0,2.167630057803468,2.0,2.0,2.0,
2.0944444444444446,2.054263565891473,2.0,2.020979020979021,2.0,
2.0805369127516777,2.0,2.094736842105263,2.0679611650485437,2.025,
2.1094890510948905,2.180451127819549,2.0,2.0970873786407767,2.066666666666667,
2.0,2.1129032258064515,2.0,2.0,2.0393700787401574,
2.2125,2.1333333333333333,2.051282051282051,2.1372549019607843,2.524663677130045,
2.0427350427350426,2.360294117647059,2.09,2.195530726256983,2.0,
2.104,2.1666666666666665,2.0145985401459856,2.1496062992125986,2.1468531468531467,
2.0,2.0307692307692307,2.0584415584415585,2.0,2.229299363057325,
2.1677018633540373,2.195,2.186046511627907,2.0,2.0,
2.0,2.736318407960199,3.0392156862745097,2.1954887218045114,2.0,
2.317204301075269,2.0551181102362204,2.135294117647059,2.111111111111111,2.036036036036036,
2.5108225108225106,2.090909090909091,2.036231884057971,2.0508474576271185,2.2465753424657535,
2.0753424657534247,2.0126582278481013,2.2767857142857144,2.0424242424242425,2.343612334801762,
2.0,2.078125,2.0,2.0676691729323307,2.037037037037037,
2.0,2.0,2.2125,2.1140939597315436,2.0,
2.0245901639344264,2.0,2.064516129032258,2.2777777777777777,2.0,
2.3317073170731706,2.2280701754385963,2.2346368715083798,2.24,2.1578947368421053,
2.1073446327683616,2.0,2.174496644295302,2.163551401869159,2.169398907103825,
2.0483870967741935,2.0,2.037593984962406,2.219858156028369,2.3245033112582782,
2.1724137931034484,2.0,2.2247191011235956,2.126126126126126,2.0,
2.0677966101694913,2.0833333333333335,2.292817679558011,2.0943396226415096,2.1272727272727274,
2.1017964071856285,2.3378378378378377,2.0,2.1088082901554404,2.128834355828221,
2.1989795918367347,2.0,2.193717277486911,2.4324324324324325,2.036144578313253,
2.050561797752809,2.026086956521739,2.0930232558139537,2.0,2.192982456140351,
2.108910891089109,2.1686046511627906,2.0,2.0508474576271185,2.0,
2.106382978723404,2.0,2.15,2.0543478260869565,2.0,
2.1904761904761907,2.2718446601941746,2.0372670807453415,2.3037974683544302,2.0,
2.0,2.119047619047619,2.0865384615384617,2.014388489208633,2.0,
2.0775193798449614,2.0,2.264864864864865,2.014388489208633,2.19205298013245,
2.0,2.0,2.0273972602739727,2.0344827586206895,2.1219512195121952,
2.032608695652174,2.4775280898876404,2.0,2.0,2.0,
2.0,2.0348837209302326,2.173228346456693,2.0610687022900764,2.088709677419355,
2.034782608695652,2.0840336134453783,2.1987951807228914,2.0208333333333335,2.0,
2.1012658227848102,2.0,2.3161290322580643,2.081967213114754,2.0434782608695654,
2.0294117647058822,2.137142857142857,2.1076923076923078,2.236641221374046,2.7986577181208054,
2.2063492063492065,2.0729166666666665,2.6363636363636362,2.0113636363636362,2.3658536585365852,
2.1517857142857144,2.046666666666667,2.367231638418079,2.1893939393939394,2.0422535211267605,
2.089430894308943,2.0,2.2291666666666665,2.1794871794871793,2.264,
2.073394495412844,2.0,2.0,2.0,2.3045977011494254,
2.021276595744681,2.2202380952380953,2.2542372881355934,2.1739130434782608,2.0112359550561796,
2.0,2.0,2.0,2.0636363636363635,2.0,
2.0833333333333335,2.0,2.0952380952380953,2.068421052631579,2.0,
2.0625,2.0,2.1180124223602483,2.8838383838383836,2.0303030303030303,
2.0,2.4206349206349205,2.0526315789473686,2.1443298969072164,2.1594202898550723,
2.0074074074074075,2.1260504201680672,2.1296296296296298,2.0689655172413794,2.065359477124183,
2.1870503597122304,2.0775193798449614,2.267605633802817,2.107142857142857,2.1403508771929824,
2.0,2.06140350877193,2.0,2.1058823529411765,2.032520325203252,
2.029126213592233,2.0,2.0,2.0679611650485437,2.2237762237762237,
2.274074074074074,2.127388535031847,2.0,2.0,2.21978021978022,
2.040650406504065,3.0604026845637584,2.66025641025641,2.1052631578947367,2.3434343434343434,
2.10077519379845,2.0784313725490198,2.0701754385964914,2.0408163265306123,2.176470588235294,
2.297674418604651,2.1479289940828403,2.0,2.165562913907285,2.0,
