22.68226551516369,20.089693509615383,37.240833654959474,3.2888471177944862,12.933776669437517,
5.386629077728554,42.58939526730938,18.287176724137932,4.434068753206772,3.513529073114565,
5.840694789081886,2.6758928571428573,3.0207561156412157,31.600594821553535,11.374168104510723,
2.8841544607190412,24.989554037766172,50.7636820083682,2.698717948717949,16.600591715976332,
5.6205109218807845,3.2339319470699435,3.228235294117647,2.5791884816753927,2.5494685200327063,
30.90547263681592,2.7073750991276766,2.662847790507365,3.1066471877282686,18.60855855855856,
2.78335535006605,2.770755885997522,3.2742155525238745,2.5533333333333332,3.3642666666666665,
29.12086409625376,2.7389229720518062,2.9378980891719744,2.978219090326714,5.978875760830648,
2.694267515923567,3.3494949494949493,3.3,34.5520902455209,3.0957894736842104,
3.202324352879028,3.62480539699014,2.628112449799197,3.8172093023255815,3.4157303370786516,
3.062874251497006,5.46046511627907,2.9477611940298507,3.9663355408388523,38.44793388429752,
3.1684887459807074,8.94020202020202,2.781767955801105,2.5606779661016947,3.1684981684981683,
6.67836919592299,30.192092257001647,2.8906139731827807,2.8922852983988356,2.9278815196394077,
3.0571913929784826,12.983891919979216,3.057742782152231,3.5298759864712514,4.560311284046692,
3.294433266264252,2.8584202682563338,3.049810844892812,3.5942509673852956,14.927038626609441,
2.5429824561403507,2.846765039727582,4.0671976107516175,3.6170616113744076,2.9843184559710494,
3.2093294460641397,28.887886382623226,3.081948424068768,3.445131375579598,2.6664438502673797,
19.031227305737108,40.85753581661891,5.805108467459762,2.6326825741142446,3.3556213017751477,
30.069268457509715,25.264491978609627,32.01547475961539,3.10392749244713,3.0905321354526607,
3.547648514851485,2.6174183514774496,3.0718911917098444,3.542087542087542,19.809288943690916,
2.7658282740676494,3.212027278363298,2.6470588235294117,2.406847935548842,25.826533105301735,
6.56661138750691,24.792738275340394,20.420954907161804,2.7900797165633304,2.8003060443764345,
5.34688995215311,34.20865317515701,3.404631322364412,2.4126506024096384,2.766887417218543,
36.141927083333336,19.47756071805702,4.8528058877644895,2.8829941860465116,3.3501199040767387,
35.320417586829954,9.203629032258064,2.729854182655411,3.2243902439024392,3.4731503579952268,
27.242927705433317,2.90163072067333,14.14123294593229,2.838364779874214,20.55461270670148,
10.176795580110497,30.257947146687094,2.6133866133866133,2.778740157480315,18.946994033960532,
29.986322481217492,4.135988343856241,3.137382075471698,3.006045949214027,2.8287172011661808,
37.30812883435583,7.454301075268817,4.0962485790072,2.866747425802544,3.4726420010422094,
40.72325870646766,3.358281358281358,26.320182394924664,3.0545023696682465,29.85864869535165,
29.055545269394557,2.6955571740713764,31.86235595390525,2.8870853916725476,5.105492115280043,
35.71377434135166,3.3666092943201376,3.59727626459144,7.8,2.532883642495784,
2.96640625,6.118568232662192,3.5963353692393114,15.586774193548386,12.61617270398829,
3.66404935501963,3.137139807897545,2.7736670293797605,3.0017699115044247,2.7652795838751625,
3.3866220735785952,38.92610754142712,35.5401747655584,3.433082706766917,3.042056074766355,
11.303844951547358,31.380667345899134,37.709776334776336,2.8735202492211838,2.9261083743842367,
34.37675282986991,2.856899488926746,37.245011684342984,3.208542713567839,19.187434827945776,
3.6689265536723163,3.1659574468085108,10.862342638204707,37.47477477477477,2.780811232449298,
2.6465583913379738,33.37588008176243,10.092903828197946,16.55290780141844,2.5521102497846684,
9.417976622329705,11.689428759028234,3.5277621985417835,2.6865079365079363,3.438177874186551,
10.555001558117795,3.2747395833333335,27.916825800976024,3.4743589743589745,3.613424487259167,
2.8624,3.5085344320188345,32.772808586762075,3.1390887290167866,3.147704590818363,
3.7700845665961946,3.1820143884892085,29.694095369254605,3.162341982701264,3.0604651162790697,
24.528293859027087,2.883431085043988,3.0768156424581004,12.923137460650578,4.923214285714286,
42.44076863517984,43.615298871394735,3.639794168096055,31.83135875601629,3.496469310157523,
3.281053234115627,36.12558858151854,2.47008547008547,2.8757549611734254,3.526780088216761,
3.747132714363736,42.90159484221242,18.936507936507937,3.807831762146483,2.727947238252267,
28.56399474375821,11.165196743554953,3.057583130575831,3.746189917936694,9.89831223628692,
16.62246117084827,17.931166347992352,3.6157347204161248,2.9003436426116838,3.0483364720652855,
3.125575279421433,3.119209809264305,2.6937799043062203,22.48990190421235,3.2306226175349426,
22.403474085581134,2.9565217391304346,3.1908177905308466,3.1394719025050777,3.569248162803844,
36.52850746268657,2.708688245315162,2.6216216216216215,3.0289389067524115,12.223880597014926,
31.53944020356234,2.4977618621307074,18.705071393402264,21.162304816362436,19.359993714644876,
26.308965813803482,22.994329896907217,2.6503164556962027,2.4892519346517625,2.873218304576144,
25.20504894384338,6.975732745036243,2.8626865671641792,2.4910233393177736,14.456012493492972,
6.589180503481521,26.886198547215496,2.986111111111111,3.6711051930758987,3.442634080108622,
4.001232539030402,5.924028268551237,2.9156976744186047,3.057704112952732,3.2056028014007003,
20.016082837629433,35.072044234834934,3.520021645021645,3.3470149253731343,2.8730434782608696,
2.937814070351759,18.18819188191882,3.0768716577540105,2.5,3.024885396201703,
36.68975903614458,37.16787072243346,30.905832747716094,7.045714285714285,3.540785498489426,
3.287914691943128,3.5253772290809327,14.0,15.630733944954128,3.079297498669505,
10.668060637741767,3.08876560332871,2.631126397248495,2.599695585996956,2.6569664902998236,
42.223104777479264,3.6542644533485977,13.999681224099458,20.19871451526513,2.6024896265560167,
2.7443973349485162,29.14335360556038,14.868917141604559,2.704206241519674,3.3641590800191663,
36.83641781681305,2.900262467191601,3.02320819112628,3.3906926406926408,33.95682210708117,
26.587044534412957,2.479338842975207,2.649662415603901,30.81457037695139,3.2175754367390152,
4.280821917808219,31.249848668280872,3.9760692464358454,3.847542003733665,46.720225510923186,
2.64763335837716,3.34032634032634,27.324291982449143,20.607212097712292,3.0300429184549356,
27.638926174496643,2.7863674147963424,2.6219151036525172,21.131799612986455,24.246960486322187,
11.09099925613687,3.1584399756246193,34.63225906897089,4.372746553552492,3.1193181818181817,
35.95618240606534,44.316975923938045,3.0851194121249232,2.6295336787564767,3.8631853785900785,
2.4631685166498487,2.7764623955431755,3.287222808870116,26.781467181467182,21.81873501751798,
2.768575851393189,3.1033262561924984,28.505783805345033,32.90600422021868,24.158453769806723,
24.109480321809087,2.7478991596638656,2.687721788502484,22.950313242600995,3.7796610169491527,
4.040978941377348,40.496084828711254,25.29435813573181,3.092840283241542,2.693650793650794,
3.2351885098743267,3.0578210590383446,2.852586817859674,3.5785714285714287,15.227114349065568,
2.6664156626506026,3.46133853151397,22.933178577350358,17.786722183668747,3.002302820955671,
38.68004960471245,30.20722135007849,2.5761821366024518,2.8836317135549874,3.975015234613041,
2.866092404072044,34.58000378716152,27.211432214194645,3.0634638196915778,3.4852203011712213,
2.9681637293917,7.881371640407785,17.930559236681685,6.997622444127437,2.859178541492037,
32.79781502544149,16.061329170383587,3.1904761904761907,17.011974641934728,2.923404255319149,
2.7534722222222223,2.890295358649789,10.486682107701215,3.652972972972973,29.87294812869337,
10.19542924113683,4.353150406504065,3.0632911392405062,19.965918536990856,2.6082089552238807,
3.342837273991655,3.227142035652674,3.2852501624431447,2.8233618233618234,4.83949461862424,
2.694864048338369,3.2632743362831858,4.609572970436415,4.3132664437012265,34.201702296120345,
2.6186359269932757,3.7319148936170214,37.22997770536786,33.38299663299663,3.642857142857143,
28.847156621953523,3.5372233400402413,3.1306171360095867,3.817503729487817,2.720713731574864,
3.361963190184049,3.093303235515425,19.159483808132457,3.1859527921704087,18.01714141668767,
27.059235074626866,46.97540385617509,6.180841121495327,2.9345479082321186,3.125883108542068,
3.272264631043257,35.782588930560294,3.109625668449198,22.099500525762355,2.9470827679782903,
2.365284974093264,2.8781074578989574,3.2256830601092896,26.461773034197343,2.8705137227304713,
2.759723422644771,30.68446038611668,4.736379613356767,2.7262247838616713,2.928675400291121,
7.891852919971161,2.566393442622951,37.900109970674485,21.85161839863714,3.0634828188701224,
25.945230607966458,33.53029045643154,2.322543352601156,3.0455202312138727,2.486829268292683,
27.45295942103903,3.197085357390701,34.10130455789982,2.665637065637066,3.5703618609994257,
24.356364246184807,2.915972747918244,32.03545759463344,3.225528582615505,22.99693613009663,
4.337856808610201,3.5801479654747226,2.605769230769231,31.753524672708963,3.2191113816189896,
2.921895006402049,2.841479524438573,2.84375,3.3111510791366907,2.920121951219512,
24.406474158543315,11.89,3.26628895184136,38.75051214515657,4.14441087613293,
8.12906309751434,3.7819706498951784,2.664792691496838,44.24149771092217,16.766636280765724,
16.446144791053563,2.58590657165479,2.6255506607929515,4.0376266280752535,2.7950191570881224,
12.950564034505641,42.249613733905576,3.2163433274544384,6.881695695037791,2.534937888198758,
40.13991510768747,2.7554716981132077,3.2624688279301743,27.690217391304348,2.6230899830220715,
3.455439459127228,37.46272371696101,3.59327731092437,3.1009404388714734,3.140877598152425,
2.8180545836249125,30.254480955937268,2.765406162464986,24.26386443661972,3.5463242698892246,
3.118149466192171,2.8039840637450197,4.469733656174334,31.624551971326166,11.967085577498503,
2.7860858257477243,3.10547132498352,3.737406216505895,3.724040632054176,3.341521869382864,
37.54340677408747,3.0663082437275984,2.8447955390334574,2.4976958525345623,3.5935228023793786,
4.187096774193549,39.57743985001562,4.245945945945946,2.9828414550446123,2.7791612057667106,
2.985551330798479,31.798320931120017,24.57254509018036,2.6607281177381874,12.156180400890868,
2.769470404984424,5.332011331444759,4.642502482621649,33.61376646665287,2.636073423782921,
7.975122634898388,21.359952324195472,3.0182481751824817,18.34715960324617,30.263432835820897,
6.0351020408163265,2.782742681047766,2.469914040114613,2.5799319727891157,29.285354171918325,
9.004071406201065,18.0336,26.19958100558659,40.99990632318501,3.327949438202247,
18.618613642640156,2.5063291139240507,2.9504950495049505,13.004941087039148,3.308187134502924,
2.662058371735791,39.10894699395233,35.05666973321067,30.715320910973084,2.834437086092715,
2.8747126436781607,3.3354397051079516,7.200953428676201,3.323967889908257,3.182687201274562,
2.8996889580093312,2.9408721359940873,4.204764605785592,4.710350255804801,39.98745353159851,
33.44942437824062,2.961875,3.7540574282147317,23.92281746031746,2.7716701902748415,
3.325301204819277,4.97577672459189,4.13571869216533,2.842277486910995,3.645011600928074,
39.49721189591078,2.8684913217623498,2.689189189189189,34.47985739750445,3.0364963503649633,
3.343582887700535,2.8096748612212528,34.01660777385159,28.54424216765453,3.2384615384615385,
2.51098376313276,20.55811983908533,26.4765514809591,4.684393063583815,32.35640722606787,
15.49625748502994,2.9848837209302324,12.989064856711915,19.10587399336807,2.9493150684931506,
34.789642945493526,3.338786639400136,20.34417398244214,3.4120567375886526,2.793199167244969,
2.5256038647342995,3.0811345646437993,10.042210750075919,2.669429097605893,2.865573770491803,
11.813301823092505,3.4242424242424243,2.5686448184233837,7.3878246062154105,2.6457326892109503,
3.145859085290482,11.358663729809104,3.291640866873065,2.403460837887067,2.529976019184652,
18.316247822841504,3.2647554806070826,25.712988551125147,8.023985890652558,2.590034965034965,
37.49704530531845,2.5617367706919945,2.903225806451613,3.3180555555555555,2.8816568047337277,
3.67588424437299,2.9340746624305005,32.505688541003,3.8818051575931234,2.750171585449554,
12.41501168224299,3.504854368932039,2.7793783169067474,2.99768115942029,3.77233921457029,
8.790981879477455,4.01310861423221,2.992481203007519,3.1455767077267636,3.039784946236559,
24.363279636513838,2.697310819262039,15.753367189224994,3.2903225806451615,3.4560336763330217,
3.1993975903614458,24.233410575100063,2.8106666666666666,2.9070221066319895,2.546666666666667,
24.651760057471265,26.896551724137932,3.2312169312169314,2.7025365103766332,36.314490161001785,
32.55660727542688,2.5939597315436242,2.6276785714285715,3.2601751674394643,5.285473684210526,
2.7366440933032354,25.565428109854604,34.48541591645661,3.652833200319234,2.6325088339222615,
2.7812284334023465,3.220349967595593,3.6548117154811717,2.6668896321070235,2.7108594270486344,
2.815856777493606,37.38285714285714,2.60663149962321,6.050381679389313,17.264305177111716,
24.08871989860583,23.03903693314633,2.668195718654434,10.184061488673139,3.285622593068036,
2.6541143654114365,3.048502139800285,41.691217663536,3.2928994082840237,3.329677861549006,
3.5946601941747574,3.065536723163842,25.41457033608372,3.0435308343409915,2.84107259646828,
2.5983402489626557,3.450028555111365,2.4200367647058822,3.924342105263158,3.684593023255814,
3.0386121992165642,3.4523375834851247,3.4631918323482,2.8797504254112307,2.9882425742574257,
23.407175535757283,19.403542881831928,41.84526748971194,10.882269166864468,2.7016478751084128,
2.8409893992932864,10.245068900297216,3.251552795031056,3.94177093358999,2.807973962571196,
27.08688524590164,3.2618403247631935,2.968729208250166,2.7857142857142856,2.7445766270118965,
2.885345997286296,29.519823788546255,3.78843537414966,3.8330945558739256,2.716171617161716,
2.8675105485232066,2.9966329966329965,2.950204081632653,2.822503961965135,8.26715497301465,
3.452937820878494,15.66401535929786,17.20989847715736,2.6932203389830507,7.3815345699831365,
38.80949175361831,2.953580901856764,2.918475073313783,2.733229329173167,8.374916163648559,
3.6404243439419317,3.1667723525681675,19.71938106477839,25.29147437454457,10.047655649500385,
32.88052585957816,43.956740116655865,2.8911222780569514,3.1413116970926303,3.247530186608123,
22.84188757285204,3.146311970979444,3.0608160123171673,3.0013262599469495,29.4494926199262,
30.115991902834008,2.9528023598820057,9.71256038647343,3.7645089285714284,2.9935622317596566,
38.16477794793262,2.6926829268292685,6.0785264178381,3.510761154855643,25.087096083886156,
3.0883468834688346,3.00132802124834,2.6848828956706883,9.061998541210794,2.867263236390753,
48.59698525757827,15.983325393044307,4.154991948470209,3.1651865008880993,2.915862068965517,
3.3714569865738437,18.0293978188715,2.651841556636553,2.5384,15.387375236039924,
2.8833535844471445,32.39617768595041,2.432077125328659,15.607511973783716,2.5651877133105803,
2.8229166666666665,2.8211920529801326,3.272477693891558,3.6664652567975833,29.828672705789682,
3.5837683910773612,4.777606574216744,2.514957264957265,2.960488088320744,2.6068779501011465,
3.970782800441014,18.027896995708154,3.9536637931034484,2.885866351271437,2.9273273273273275,
2.6751453488372094,3.3833535844471445,23.10828274916781,2.474295190713101,2.778104335047759,
2.9039408866995076,8.163286713286713,6.414832535885168,2.923076923076923,3.1122514432328416,
2.864903502501787,14.999487310945911,3.895741556534508,2.758922068463219,2.762691131498471,
8.696701802108127,15.05442566599828,2.7783813145029876,23.971988246816846,2.810921501706485,
9.350692986140277,13.631057563587683,3.1996951219512195,13.45022194039315,4.461800818553888,
2.695811903012491,40.22506132461161,3.766737739872068,4.254358974358975,8.414617486338798,
18.90245737211635,19.71673189823875,2.63960231980116,3.6037637219027707,33.70238741182854,
36.81334785622339,3.8803334968121628,3.225787284610814,3.132177033492823,3.1079723791588196,
3.6591014358499305,2.77037037037037,2.9653215636822194,3.013353115727003,3.3812729498164016,
43.92547515838613,2.8229243203526817,36.05053781799556,3.096069868995633,3.636993603411514,
32.738203480169304,3.1501519756838907,2.6528189910979227,30.071866203013744,2.97734375,
3.0558252427184467,3.0074584050487667,29.490541516245486,4.692655935613682,4.035914179104478,
3.274258760107817,38.175528737005614,4.727413526071244,4.207518022657054,46.015271747267555,
45.93855024711697,2.85811320754717,3.3173076923076925,12.428121420389461,2.8865647626709574,
3.326321467098166,14.490072202166065,11.044444444444444,4.522325581395349,3.8278900984966304,
42.18405011852354,3.0220913107511045,2.988379599741769,2.902919212491514,2.772005772005772,
49.32224532224532,3.8262883613202083,27.16841847958934,2.8111831442463533,2.5805309734513275,
3.008055235903337,36.18423431567528,3.5789473684210527,5.913552283880709,3.066916823014384,
3.507163323782235,28.46500981033355,4.37799043062201,3.1724137931034484,3.45,
3.3404126213592233,2.596562184024267,30.055034051168782,17.99755120213713,31.314316993066537,
9.125583566760037,40.16675661090124,28.935431140171637,3.6452991452991452,3.031878031878032,
20.91111111111111,6.891210817455439,4.218869731800766,3.3623778501628663,44.271750255885365,
3.8123791102514506,3.1965093729799614,3.131393298059965,2.782029950083195,10.827543424317618,
3.3486140724946694,4.319450407900386,3.119270833333333,3.529325513196481,3.356218905472637,
34.43207342108441,26.040682614657932,3.00066401062417,3.0032840722495897,3.088397790055249,
24.715587044534413,40.4761548531887,2.9323741007194246,3.2384615384615385,31.673045267489712,
12.53888888888889,46.16861548890019,34.391304347826086,2.803776129467296,18.385068236553384,
3.2261693309650683,2.7347670250896057,2.7594043887147337,2.491841491841492,2.961020552799433,
13.872645739910315,16.212753452835734,2.876755070202808,2.6881648936170213,30.04625850340136,
3.2256503327283728,31.24830311882464,2.913497390007457,2.924575738529227,16.275170255843918,
2.9220779220779223,25.791920892068166,3.8506811989100815,12.365022061772965,3.114782608695652,
3.345968712394705,3.1630170316301705,12.621417322834645,3.5472088215024122,3.1215823152995927,
3.6058612440191387,10.4791192103265,3.067047075606277,2.6045694200351495,2.8039083557951483,
29.559838358719304,2.6558497011101623,16.77250206440958,2.5619658119658117,2.876595744680851,
6.221476510067114,13.427799886299034,6.615086206896552,2.5281501340482575,23.595994775794516,
4.419056878949927,27.265762990347095,26.4872131147541,5.468250342622202,3.4252400548696844,
3.037465940054496,3.267223382045929,2.8501055594651654,35.328984916428865,3.182033096926714,
5.928047662694776,3.602932551319648,21.065005417118094,2.9056327724945135,2.9229640498899485,
3.320845921450151,27.376831148804936,25.835394126738795,3.0,2.3549323017408126,
4.220588235294118,12.36741317753976,28.98244440728975,3.7016645326504483,14.849156777014366,
2.810064935064935,4.136062612883805,2.841258229700073,32.42576730906495,2.6161971830985915,
4.072289156626506,2.463456577815993,3.0089399744572156,5.948512045347189,24.86464732048295,
11.713204951856946,3.1298283261802573,3.799453053783045,2.7829652996845424,3.298707753479125,
3.2680195941217636,2.634600465477114,3.2732203389830508,2.798202614379085,17.613579000504796,
35.909785376500544,3.009151414309484,2.5468895078922933,2.8001579778830963,2.928312159709619,
3.083756345177665,33.779411764705884,3.00768386388584,2.7217210270645387,2.6289697908597986,
28.348528405201918,3.168255748738082,2.525830258302583,2.856088560885609,2.895451459606246,
2.9697160883280755,10.559463986599665,33.185510688836104,7.05861801242236,2.7371090448013526,
35.204234122042344,3.594249201277955,4.192503176620076,2.645009416195857,3.240754716981132,
3.2395093608779857,11.788106416275431,2.8984509466437176,37.29100733307603,3.1081750619322874,
3.466903073286052,3.039188243526942,2.751357875678938,20.807560975609757,2.8874514877102198,
2.6878850102669403,2.614655172413793,12.042331488114622,2.6703672075149445,29.828491499892404,
2.891126494650724,3.488945041061276,2.9545145960624577,2.793662490788504,2.9327794561933533,
4.502266545784225,3.8651477832512313,3.26610348468849,3.2916890080428955,3.131778425655977,
2.5865595325054787,31.98627385336458,3.090958605664488,2.9881889763779528,2.5666456096020216,
35.39790771529983,3.0554821664464993,2.965235173824131,2.9874172185430465,2.967701076630779,
3.1067193675889326,9.18026941362916,4.396306818181818,14.830239520958084,3.0914285714285716,
36.281602443609025,3.9835526315789473,3.3482309124767227,27.065753424657533,19.003269754768393,
2.8012912482065997,2.641328413284133,4.47381864623244,40.84207620099393,2.690677966101695,
3.7050949913644216,2.801312089971884,19.156169994879672,3.9765967820575328,2.8250388802488335,
3.523509452253999,2.6325439266615738,2.5901374292643493,33.50339262791124,2.8705882352941177,
5.313202832153269,2.9749744637385085,3.353485838779956,2.825118163403106,3.816488122962273,
2.6608294930875576,38.75466437915505,26.717651458489154,33.43553287155183,11.697264719517849,
2.9572708476912473,3.329168929929386,9.904382470119522,2.651143790849673,9.817307692307692,
21.68401606425703,2.4974245768947756,47.017259031739066,13.693844740468535,27.703857791225417,
31.24994996998199,2.9663191659983963,2.549624687239366,2.811808118081181,31.59,
5.828767123287672,3.054140127388535,30.690950162360583,3.0821656050955415,2.800657894736842,
3.1669702489374623,3.1076923076923078,26.792203082502265,32.005546888542206,3.2762589928057553,
28.156144306651633,3.461442786069652,2.735569422776911,2.5470852017937218,2.8820668693009117,
23.765874730021597,2.89213300892133,29.306036217303824,3.034267912772586,2.328,
2.747167138810198,31.86522864538395,36.752521613832855,2.6502504173622703,33.553361792956245,
32.449992099857795,13.04324867990948,4.032110091743119,3.2517350157728706,3.2736119061247853,
8.949072618673373,3.502130249543518,3.196600566572238,4.116928446771379,3.6009925558312657,
25.883967260471834,2.8634116192830654,3.6017874875868916,3.3724324324324324,3.388122375524895,
3.4513011152416357,20.972014925373134,2.9991326973113615,2.6675,2.6833105335157317,
27.21186299081036,3.0303030303030303,36.04042690815007,3.145443572721786,2.791869918699187,
2.9550858652575958,3.2552926525529267,2.5874294923448833,6.019123134328358,6.827666151468315,
3.3066561014263076,2.356993736951983,18.102811466372657,42.06919620569146,22.928949511400653,
2.7729257641921397,3.761697497279652,3.8505535055350553,7.9753086419753085,20.67548417572036,
4.167966718668747,13.183700440528634,3.748247291268324,2.8315972222222223,2.9261658031088085,
3.031187790311878,2.885,26.123425232791675,2.896094839609484,3.6982800982800983,
11.407955292570676,3.027114267269206,28.325017325017324,2.692744479495268,2.8146067415730336,
5.16135881104034,3.3622851834649325,5.533632286995516,3.59525124240751,2.738853503184713,
12.492569771656397,3.449226630800269,2.9290364583333335,2.819901315789474,3.3133933298041294,
3.3070036861506056,30.915389487017098,2.674820143884892,2.9622770919067216,3.064738292011019,
8.423293675641828,3.1105866486850977,11.110137306456325,2.8502269288956126,2.6666666666666665,
36.08893436171887,3.2929475587703436,2.856957087126138,2.7423398328690807,3.6588306208559374,
3.069373942470389,27.8071888634947,3.932808155699722,2.8013196480938416,2.9377753303964758,
4.024967989756722,7.8275101140125045,38.187091817134075,2.8029134532990576,3.5922722029988465,
32.78771796815769,3.4495289367429343,3.262237762237762,2.862518089725036,2.8214037526059763,
3.370265686828717,2.65625,2.8040917544947304,2.8257080610021785,20.524514563106795,
3.4350190320826535,3.5473357475426797,5.982259232440261,2.621584699453552,3.269628099173554,
4.374643061107938,28.252341450361254,54.49717787453636,3.1257242178447275,3.149684400360685,
2.533203125,2.961139896373057,2.9357870007830855,2.7643312101910826,36.8738918038719,
23.94217014153097,3.1416373681567054,2.813953488372093,2.8854655056932352,4.190476190476191,
3.2199270959902795,12.676796454574232,50.466802670623146,3.161377447670493,2.7953044754218634,
4.744385026737968,2.9777027027027025,33.06039076376554,2.6772525849335302,2.816011235955056,
3.098262432594368,2.740046838407494,27.098666666666666,27.949197272927204,16.371364653243848,
37.33028518288903,2.855631141345427,22.00814761562425,4.0295790671217295,24.06544633901705,
3.399297423887588,21.156723963599596,3.327825512227363,3.853510226644555,2.923562412342216,
10.021325459317586,2.6859799713876966,2.995446784291406,3.1492260061919506,24.68693009118541,
3.5453788509575355,2.7070524412296564,38.91607843137255,40.51668726823239,2.6222645099904853,
40.039922248803826,14.002092675635277,13.278784648187633,3.7123608670181607,15.139062966278722,
24.62781235040689,30.34553440702782,32.246504782928625,12.972668357283743,2.684095860566449,
4.925068870523416,2.660455486542443,28.194352449015163,3.338001273074475,25.083640630238015,
38.65408603870142,2.958139534883721,37.49522859991454,3.1653543307086616,14.353964632059327,
2.5686274509803924,10.152151812944764,3.009068425391591,3.045741324921136,3.1058271935699935,
32.471128608923884,2.66643059490085,2.763014763014763,3.1717914438502675,2.3590333716915994,
6.334388853704876,3.0982874162323157,18.831867839062085,3.054278416347382,2.7280585106382977,
3.5845974329054844,17.979421221864953,3.2359178263750827,13.683676606209653,34.2772766323024,
3.45564738292011,13.292501284026708,2.9450625869262863,3.262359920896506,3.075768942235559,
3.0986013986013985,3.0149152542372883,2.8590747330960853,3.126453488372093,2.500484027105518,
5.081685575364668,3.9492284718765553,4.487597186227323,2.8867059593975113,2.645528455284553,
14.032936407398024,10.384699453551912,8.638456937799043,2.877551020408163,24.87486012681835,
3.267734553775744,2.919340849956635,30.973798651880845,3.4677769732078203,3.079608938547486,
4.835388739946381,5.989951377633711,16.942225998300763,13.37599510104103,2.7183098591549295,
2.7198132088058706,34.5437171524128,2.401378122308355,10.18300395256917,2.816666666666667,
35.22946615898671,17.596385542168676,13.432412965186074,2.4409722222222223,2.5686274509803924,
5.797858942065491,32.0110294117647,2.568710359408034,3.2376525276002326,2.748148148148148,
3.8120740019474195,3.41632170313424,13.406809406809407,19.32184517497349,26.28437019969278,
2.9751511081262594,2.8166550034989504,3.4098565190268246,2.5806686046511627,2.8178110129163834,
3.407178911946158,2.618549511854951,2.5703564727954973,2.4732547597461467,26.96988287785834,
2.972379158819837,10.414605418138986,2.6889460154241647,10.102580855929435,2.6103395061728394,
27.069034053266197,3.167487684729064,3.358367829686576,16.982713462545835,3.0802197802197804,
36.92973069377564,4.049947970863684,2.663035584604212,3.1651812240047534,38.285714285714285,
2.59644128113879,3.824644549763033,3.13953488372093,20.030059600932884,2.688984881209503,
3.0114093959731543,25.582933333333333,4.0564191134139325,22.68122837370242,36.67005528803281,
3.6788079470198674,3.033157498116051,40.4244255043694,2.5941583397386627,26.198303487276153,
3.5989960959286114,43.15750798722045,3.4783878504672896,15.12354740061162,3.496304718590108,
32.996068152031455,8.564025535110778,2.9590316573556796,27.84638684552142,3.4108818011257034,
33.07331469400435,3.161559888579387,3.9506790564689065,31.083981074687394,4.398127753303965,
3.1151271753681393,23.413189771197846,3.6944639103013315,22.690951339529796,4.069862315145334,
2.678472222222222,3.896078431372549,4.383838383838384,27.680458071666052,3.7395209580838324,
23.123858742463394,3.0446760982874164,2.9817945383615085,2.8581411600279525,2.6576168929110104,
29.174353409296437,26.446461312797947,3.0415617128463475,2.695994747209455,2.8960551033187225,
46.38341232227488,3.597674418604651,3.4094707520891365,3.750130412102243,4.245450303313112,
2.8049555273189326,46.54531126871552,5.0473251028806585,26.353853611245757,3.811298076923077,
18.36017755231452,3.830122591943958,3.8689839572192515,2.6674174174174174,2.9917412250516175,
3.6440062272963156,2.941552511415525,25.815297092288244,3.3380541871921183,2.5383502170767005,
9.758216633323807,3.6824242424242426,39.758233058898035,3.1229698375870067,3.071932299012694,
3.546646495209279,2.6341681574239715,38.712989902447376,11.493183165382336,2.8119298245614037,
3.03779366700715,46.27436327588836,2.6595744680851063,3.414393226716839,3.0807743658210947,
22.977980889073535,42.747795163584634,9.403421882035119,3.268087492989344,32.37691056910569,
4.36699635606455,3.475467289719626,3.497985031663788,4.429431072210066,2.5403141361256543,
27.163967956366115,4.037962037962038,3.3603133159268928,18.862191780821917,2.604404567699837,
4.189549749861034,28.59200928381963,3.627756858526089,22.79442918791683,35.16924066924067,
2.9414990859232177,17.583487472675298,2.720257234726688,15.651758931006272,2.804395604395604,
14.11781914893617,3.978978978978979,3.1973684210526314,2.815916955017301,3.0112759643916913,
8.479113694151835,3.248297213622291,2.952272727272727,2.7250351617440227,11.558408215661103,
3.445487741262389,3.2364864864864864,3.1995812979762737,18.50650477016479,4.3061224489795915,
3.3391783567134268,2.9517990495587236,2.677626876340243,3.572109654350417,2.7332859174964437,
46.12618130906545,28.189584833213342,24.369529652351737,3.4618952948972828,48.20578147966683,
4.548955613577023,3.3995313415348565,34.1691473259334,3.06405425772419,36.49898071193351,
39.25857724365187,40.48973573777929,2.7201907790143083,3.6826115061409177,25.657012924844423,
28.20991204330176,2.69953488372093,2.50956696878147,3.1141804788213627,2.82688927943761,
27.026165413533835,18.743870014771048,2.8777292576419216,3.2659368963296846,3.038020086083214,
29.98717804521426,2.580960130187144,34.481302325581396,2.8430007733952047,13.350013238019592,
3.419851682829435,3.377752682100508,2.6336206896551726,3.297720797720798,14.03027311615663,
27.66572781974139,37.12180451127819,2.5790424570912376,2.7262569832402233,19.949502827061806,
2.7213822894168467,3.5842161016949152,31.252107279693487,2.9452654625068417,2.7335352006056017,
4.10433539780848,2.869894099848714,2.538659793814433,2.4871559633027522,3.6868287167891465,
3.5534034311012728,7.88101788170564,10.511703276917537,2.7166193181818183,3.0660701995870614,
2.5936675461741423,38.602902578354175,2.557184750733138,3.4496822033898304,2.951632406287787,
17.0582291943632,6.829299913569576,3.1152815013404824,5.078721374045801,2.7204874333587203,
22.381510092200347,3.0144836272040303,12.001158748551564,4.337967914438503,3.4774725274725276,
2.9576,4.1147301895965,3.313622754491018,33.03017959637104,25.18188129121833,
3.0296,18.338079926504363,3.5996696035242293,14.074600355239786,3.6054667354306345,
3.4246575342465753,31.898002350176263,3.1937888198757762,3.1903787103377685,25.01377981923248,
2.972952086553323,34.027497040881364,2.7703016241299303,14.260207190737356,26.34301315462894,
3.4518436984039624,8.824849826114448,24.24493269379545,3.0855437665782492,3.0966785290628707,
3.330966684871655,2.9432576769025367,29.709852330410705,3.5586803677663603,26.15625,
4.65026455026455,36.7435382685069,3.320143884892086,2.9107939339875113,26.936378466557912,
32.608180201541195,2.6765676567656764,4.319074333800842,18.29096252755327,2.693386773547094,
9.448782535684298,32.40886860123899,4.509408602150538,37.99050291387869,3.175913396481732,
2.8201383551114527,3.462557603686636,37.49037630607275,3.0966595593461266,2.9951014695591325,
3.1161587119033927,31.89016653449643,2.5754060324825985,27.25096824167312,2.956730769230769,
26.165665364974465,22.904804469273742,3.346997690531178,2.9590684544812986,2.5323426573426575,
2.9359673024523163,16.01191344517384,3.5969077857537273,2.846096096096096,2.8623728813559324,
36.09812223858616,2.7844677137870857,2.8991262907069104,35.487885828078326,2.7682177348551362,
5.3434296365330844,2.6248025276461298,3.3798045602605864,3.0031328320802007,15.551764705882354,
3.4250527797325825,3.3323029366306027,2.9154607768469156,3.4316455696202532,40.364903846153844,
10.864477335800185,38.04477611940298,2.6658333333333335,28.498319941563185,2.789473684210526,
2.7362055933484504,2.9612034837688044,13.615384615384615,3.402180149168101,2.632955536181343,
6.112544483985765,4.002104377104377,3.363197794624397,3.0041297935103244,3.007125890736342,
2.747301587301587,3.141603276770041,31.46221122112211,3.167381974248927,6.6203803372802295,
22.29514275120504,2.6735003796507213,3.1831543244771057,3.252832131822863,2.846825396825397,
21.904744116548375,4.37559936068194,18.02238430583501,34.29244053437602,2.5717439293598234,
13.127421555252388,3.0818363273453095,3.156555772994129,3.1663920922570017,2.5640074211502784,
6.888175985334556,2.9606451612903224,3.4385863267670915,3.5526992287917736,3.3094660194174756,
3.126173708920188,28.449462837097126,2.683269476372925,2.727272727272727,2.6489980607627666,
3.20040899795501,2.430008382229673,31.064550264550263,3.661177960734642,28.905745246370884,
23.956443646160754,4.804723502304148,3.6853103872157345,2.9145299145299144,32.93448084397557,
2.8443017656500804,3.135873015873016,35.52746196957566,3.1451706188548294,2.7354497354497354,
21.89151157512483,24.418417945690674,12.76602364654636,2.4431818181818183,2.7627416520210897,
20.755573462261616,20.24285454214455,20.621906116642958,3.0733838089691323,3.8254833911750126,
4.198118139048614,8.459228932105084,25.40817253121453,11.68787214039486,3.2490774907749076,
22.409036658141517,2.9332084893882646,17.212938005390836,23.14479187412866,2.899219304471256,
2.8435911914172785,26.22872424099418,3.1068796068796067,2.761426978818283,2.646890636168692,
28.091571023077872,2.416275430359937,30.235278300618447,3.4703947368421053,2.737508327781479,
2.5349500713266764,2.9947521865889213,29.917139119058003,2.554301833568406,2.605187319884726,
31.393998063891576,4.214695752009185,3.3808160343593414,2.825938566552901,28.48407482305359,
3.855654761904762,2.8394568690095845,21.037896253602305,18.846291973424314,19.060327427674366,
22.054219600725954,19.98854893540884,2.718239886444287,2.8267206477732794,7.641569459172852,
10.532576210400478,10.766908212560386,3.544955387783116,2.818119891008174,3.8251786695986807,
13.883941822499258,4.387323943661972,2.91029207232267,11.77409750651284,2.6627101879327397,
42.09711919958599,3.3705357142857144,4.4806240563663815,16.608284023668638,2.9756566303651506,
24.45651204281891,3.606602475928473,40.05640107430618,3.3359142346634902,3.4195216548157723,
3.693782684485764,2.9043963712491276,28.30181673518101,2.7491830065359477,2.91015625,
3.8561278863232684,25.155253462075976,3.2198529411764705,2.7278969957081545,43.42176645716176,
3.1933570581257413,2.8587755102040817,29.20102327116686,3.3683839096683132,2.7715384615384617,
25.746130551816957,3.1089792785878743,3.036063110443276,4.136792452830188,3.1541425818882467,
3.655393586005831,2.7767624020887727,3.129669156883671,19.19485580670304,2.9877300613496933,
42.7463960966955,3.57760989010989,36.8995269939651,3.2047738693467336,13.78441011235955,
3.0273515677118077,2.629787234042553,11.396282527881041,2.7561663143058492,3.450721908349027,
42.1882562983535,16.197946828112663,33.987049549549546,2.9430604982206408,26.256204124432017,
2.8169464428457234,35.778124458311666,30.9313805817288,3.312925170068027,2.522810218978102,
17.405467552376084,35.86546496359078,2.6641279512566642,2.9675324675324677,3.027681660899654,
30.712018853102908,40.3089992800576,2.5931899641577063,15.952838623156012,3.4801186943620177,
3.1704918032786886,2.939905469277515,36.797601358522606,2.596314907872697,20.914439655172412,
13.148148148148149,21.937304075235108,2.9690358902181564,2.7934306569343064,2.5200341005967606,
2.971107544141252,28.128497409326425,2.5632279534109816,31.306009924646204,2.7671549730146494,
2.915146708961142,32.958630527817405,5.164460285132383,3.046671242278655,3.9411764705882355,
2.989935956084172,19.583943448624083,32.66568483063328,3.2203485103991007,8.938646215405136,
2.9784411276948592,29.99396709323583,21.343272727272726,21.795902489626556,35.64177131526768,
2.7977839335180055,2.555129434324065,6.880621422730989,23.33457479826195,2.8731884057971016,
3.0233846153846153,4.517423442449841,2.9771265189421015,3.6691967109424417,23.453346855983774,
19.78619676945668,20.357523302263647,28.853478501568556,3.328603859250851,8.523134639433097,
3.4952712792434046,2.786484543493889,5.290891283055828,2.22972972972973,3.485732009925558,
21.581521739130434,6.762361977916466,3.28512585812357,8.359351432880844,2.7084175084175084,
18.699251637043968,43.56801304111574,27.134058606773117,2.955851436580238,2.849607982893799,
3.8663904712584154,9.404426559356137,2.661563255439162,3.0320213475650433,3.6538844621513946,
3.0685884691848906,2.6661921708185052,4.78003314001657,2.545132743362832,3.2011795543905635,
2.802919708029197,2.833539603960396,2.7805232558139537,28.83445357231765,3.807047949162334,
3.037542662116041,9.15900439238653,3.949326145552561,4.114583333333333,2.7264296754250386,
3.5096345514950165,2.6158536585365852,2.796886582653818,30.4110107421875,14.566236413043478,
26.51803691275168,23.245920217588395,2.7621818181818183,2.8872445384073293,3.043450479233227,
3.0380479735318446,37.1253504205046,3.5853242320819114,2.729939603106126,25.8654882517784,
38.17139350968094,2.6376109765940274,2.727129337539432,2.7586206896551726,3.0552092609082813,
15.23159509202454,3.2638270820089,38.18233179250129,3.472610722610723,4.036960985626283,
13.305809641532756,2.8398523985239854,3.0891672807663966,30.956502141086318,36.244224422442244,
19.616693248272195,2.6146179401993357,2.9788783685360523,36.713491925681545,38.64300073099415,
20.7916776402423,2.809021113243762,2.672613737734166,3.4655920644761316,3.2044784914555096,
11.59393611261505,3.590155163188871,2.932486631016043,2.8445229681978796,2.7588961510530137,
11.887170385395537,3.319884726224784,2.637490882567469,2.7653276955602535,5.5245447347585115,
7.852277390233894,26.445579969340827,3.510989010989011,4.36650868878357,16.231917872141857,
10.062151097878676,2.650580875781948,3.1261620185922974,2.8523391812865495,41.088180382019246,
27.195954487989887,2.8506493506493507,4.06763738844528,3.3468559837728193,23.603277762079685,
32.037138061267314,2.696875,2.8745644599303137,8.877542717656631,3.1604409063074095,
9.973367152821814,16.651449275362317,30.436340206185566,2.7924791086350975,2.661754385964912,
21.00334928229665,2.5546492659053834,44.64595676541233,2.465781409601634,2.7461645746164574,
4.148503670242801,3.04507405022537,3.0722460658082977,2.837268666241225,28.704029949350364,
29.649774003561156,18.576752767527676,30.400155763239876,2.706153846153846,4.496108949416342,
9.862292952257226,26.634801081498647,3.302608695652174,3.058071390516782,2.945375091041515,
2.5430579964850617,16.850686752326098,2.5042333019755407,15.369195046439629,2.645134914145544,
23.4842784952274,3.051219512195122,3.480142566191446,2.8414376321353068,3.2503912363067293,
13.399732172748577,2.967741935483871,22.715137526447393,2.4739837398373985,27.128730600875446,
36.28745376078915,2.890177353342428,3.7669971671388103,2.7245398773006135,2.9939061547836685,
2.817901234567901,3.195902688860435,10.499293785310735,2.9720430107526883,2.6386321626617377,
2.681885125184094,35.37696390658174,25.41687014428413,3.41335453100159,2.57556773688332,
2.826694619147449,22.53842527109854,3.041891891891892,3.1849912739965096,3.0718120805369127,
27.0730890464933,5.477411944869831,28.623953766440813,27.27473657157543,25.45422943221321,
3.5385527876631078,23.127456331877728,3.5966435185185186,24.528163677696387,2.7914691943127963,
3.429544264012572,3.057126030624264,3.443363446838082,2.598235765838011,2.7904059040590408,
3.021262002743484,26.4000391619346,2.6466165413533833,2.836549375709421,19.567601638827608,
2.6651198762567674,2.676758682101514,2.49953314659197,11.848939179632248,2.9710610932475885,
4.00398406374502,2.9079528718703975,3.443609022556391,6.98046875,2.845199216198563,
3.858736059479554,34.2603286010528,3.562590975254731,2.900131406044678,2.492467043314501,
25.385305749923944,5.105111294311624,2.814669286182056,32.953055964653906,3.3207920792079206,
3.175287356321839,4.036440084092502,36.29561785244408,24.25089681367377,3.060584461867427,
20.908064092461256,3.075889328063241,4.034941763727121,3.5535714285714284,2.9430955993930197,
3.4031390134529147,32.319384835479255,2.8266360505166475,6.8940338379341055,7.577047663118926,
2.8815052041633304,27.764081315550953,2.7645854657113613,2.825980392156863,36.671931162182766,
5.0945584299732385,3.181540030596634,26.941310282074614,21.694481119619752,2.6623376623376624,
2.751214771622935,2.6923076923076925,2.5705521472392636,3.5761212886923563,2.8279816513761467,
3.369358669833729,2.891629297458894,29.59030451522576,33.23251670378619,3.144609425435765,
4.012937230474365,23.066160118606376,10.079493670886077,5.700962695547533,3.6650621740874447,
4.124252775405636,3.0371830985915493,2.6280487804878048,2.6697635135135136,2.5476839237057223,
4.487386958591147,3.129582806573957,3.121881682109765,2.804303967720242,2.7466367713004485,
3.238095238095238,2.910344827586207,4.174311926605505,2.824200913242009,2.9971489665003563,
36.533064979873494,2.469367588932806,33.40317078065422,2.964669738863287,2.906571654790182,
2.4342105263157894,7.396611642050391,2.4657228017883757,30.879441117764472,3.0630693763139454,
2.6584425597532766,13.545313309166236,8.043247654018767,18.147297675721088,29.43657878347519,
2.797880393641181,2.7203065134099615,31.101294431888228,2.9454545454545453,16.252660383095165,
25.98011002962336,23.118582791033983,2.6539842067480257,36.09178433889602,2.621998450813323,
3.0130975769482644,2.878808395396073,3.026928675400291,3.1035805626598467,3.1160027952480784,
3.600117096018735,3.1509539842873178,2.8649144254278727,28.079074972025364,2.9932614555256065,
2.6995142262317833,4.643230212936922,39.38202247191011,22.668285280728377,4.029445073612684,
38.54225352112676,2.717948717948718,39.64262978816815,2.8778772378516626,2.5037974683544304,
3.0437196391394865,2.802992518703242,20.970768184908227,40.72239368998628,38.695128339444736,
40.812086092715234,3.8572423398328692,4.108286731062532,13.996911673872761,2.7100545596258767,
18.250609013398293,3.0926791277258565,2.8601728201099763,37.414853040161546,3.659190031152648,
17.021359669269636,28.74787695791659,2.880630630630631,3.979191438763377,2.776364996260284,
3.332313341493268,2.6617357001972386,2.9846153846153847,3.183768115942029,29.27946127946128,
4.19343211854225,2.6883445945945947,31.060071942446044,12.498231132075471,3.7953708574434506,
3.329565734681737,2.7793893129770995,2.950408719346049,39.25162127107652,2.8561290322580644,
2.9809104258443466,2.9887267904509285,21.012889366272827,10.848202396804261,16.109525807805287,
3.3064304461942258,27.491531446168423,2.924092409240924,17.5750307503075,2.6474694589877834,
3.4617664493183167,4.494288224956064,4.0479452054794525,32.22605812365906,12.156613756613757,
3.5683497536945814,4.83417593528817,43.92053167420814,28.444116310767832,2.5774946921443735,
2.8174077578051087,2.676056338028169,40.878229974160206,29.995758627337576,12.18666140489345,
14.298396674584323,3.568818514007308,14.63556942277691,2.679967426710098,2.684684684684685,
3.208413001912046,5.197764070932922,3.216694306246545,19.51109829922168,2.7182779456193353,
3.4751607247223846,4.2496050552922595,2.64043082021541,3.061512415349887,3.0170648464163823,
2.891743119266055,26.760171306209852,3.0608187134502924,3.6374331550802137,2.9555717407137654,
28.497810710676994,3.1453924914675766,3.5590416428978893,2.5814144736842106,2.9784126984126984,
36.090048994762626,23.154681139755766,3.2752179327521795,14.511627906976743,2.782962962962963,
3.374841972187105,6.502967359050445,17.94554721030043,2.5892857142857144,2.675531914893617,
7.390289449112979,29.303118435934724,2.8140321217244293,2.5287234042553193,2.7354596622889304,
32.81478562421185,3.052753623188406,20.627528646201725,3.2988235294117647,3.2121771217712176,
18.299920603414055,2.6084695393759287,3.3243386243386244,2.6005267778753294,2.7324343506032647,
26.53832902670112,3.846325167037862,21.957954840384115,3.2264150943396226,3.231748158070998,
31.673635022134775,14.530918176139913,25.368092527997064,2.455082742316785,2.642078792958927,
4.32004555808656,2.9752994011976046,3.512339585389931,39.28559298046986,26.17806012884753,
35.68563374399666,2.532289628180039,26.264137931034483,27.636731547504336,3.187125748502994,
5.200926255789098,3.226895119418484,28.025082508250826,2.6388489208633095,2.7241139680333566,
3.061224489795918,3.177052999417589,2.8757467144563917,3.1872146118721463,3.8165013525698828,
35.009579755987346,2.6735340729001584,2.835698282300224,3.086230876216968,2.6255545696539486,
51.80714285714286,3.693390452876377,26.860367892976587,3.0245901639344264,2.8956043956043955,
4.069875776397516,25.529543419874663,2.8426323319027182,3.1169480925578488,22.87902900886382,
4.836776859504132,40.724024370163015,3.0891218872870247,6.215333648840511,3.895096921322691,
3.735858337432366,2.868354430379747,2.6085240726124703,33.986351228389445,33.82399547255235,
2.722080136402387,2.7403846153846154,21.98963915684173,40.79136391945194,24.96027846027846,
27.350940975192472,3.407563025210084,5.362463343108504,31.834293948126803,28.001231527093594,
2.9718654434250764,31.79523492169277,20.93923554393989,3.6164154103852595,23.358135444151277,
2.9228705566733737,29.77786306416948,10.222264875239924,2.908191313908741,3.382526564344746,
3.283592644978784,33.29979194250047,22.455255523320687,3.6115843270868826,3.13527397260274,
2.5829145728643215,2.780327868852459,31.207554517133957,16.577546296296298,3.230050933786078,
3.4940374787052813,21.708016383850204,3.3019354838709676,3.2242152466367715,3.624557260920897,
3.097587131367292,3.5909653465346536,4.760070052539405,34.87552100935,29.991141109470576,
3.237410071942446,3.4075935231714127,20.71176173649672,2.787967718268525,9.680577223088923,
3.006731488406881,34.34734190640329,2.6788445199660154,4.227979274611399,2.693650793650794,
3.436606291706387,3.18047200370199,28.87038777908343,27.35989932885906,2.8711462450592884,
19.28485936564931,41.99603211220818,2.6429780033840946,42.759679790883844,2.6405124099279424,
34.1011396011396,28.38839382742882,2.9904761904761905,2.835801674179008,2.6522058823529413,
2.6958620689655173,4.432322317790856,3.342648845686513,3.556301856973528,2.468213058419244,
2.718882303132938,35.044714564792706,37.61777544962459,19.765846383296047,2.456818181818182,
21.923212113018792,2.655680832610581,3.0205091937765207,3.551055333713634,28.191822620016275,
2.96386630532972,24.902988306626245,26.689263397083884,36.721976401179944,2.9674728940783988,
18.680803571428573,2.86,43.99228007181328,6.149723521905572,3.2715025906735753,
3.191796649335644,2.779550398839739,3.8581354950781703,3.787179487179487,25.380503630465007,
2.714075165806927,2.902897415818324,28.072262972018475,2.6711173576950107,2.722272317403066,
2.63335837716003,3.144977168949772,3.5104815864022663,8.25090909090909,3.349458943348186,
3.683937823834197,3.304661487236404,3.26546212647672,10.779678412589805,24.629085325729328,
3.607761194029851,3.3241811175337186,5.671622769753611,2.5225225225225225,2.8865030674846626,
4.603803486529318,2.91002277904328,24.77428079665601,2.940096618357488,40.909237773535025,
13.121426698137949,3.8,30.058002856201252,2.4978279756733275,2.6517241379310343,
3.2881732370905055,35.35024611889436,3.314419225634179,2.9774494556765165,12.262076423936554,
3.7766220901436354,3.169789227166276,3.017321785476349,16.33166144200627,8.340503246753247,
14.287410270568747,2.863905325443787,33.60017683465959,2.4142973192526402,2.749107142857143,
2.8451219512195123,3.3849287169042768,2.8464187327823693,14.28359866716031,34.40802348336595,
15.909790002957704,31.022980736735384,8.76629680998613,2.7275494672754945,2.91740614334471,
3.9368770764119603,32.63546374004734,2.479930191972077,2.824167872648336,7.086710239651416,
41.254860999517916,13.80955829109341,32.286301609517146,31.974961146606805,3.487473903966597,
5.055499495459133,2.90770533446232,3.527421236872812,6.138567138567138,20.60959059036417,
27.146580273578113,2.8181076672104406,2.90200138026225,2.7853503184713375,39.82967810399717,
3.023735165521549,25.524282982791586,2.841978287092883,22.56923414527101,17.71474546518432,
2.7969320672023374,3.0424107142857144,12.318521284540703,29.251842581004034,2.9471299093655587,
2.995046439628483,3.3761194029850747,2.918549346016647,12.391096979332273,3.493873201917954,
18.053817271589487,3.9969381506429884,12.892655367231638,3.4849557522123895,4.033597760149323,
3.6930960086299893,3.054845980465815,31.22261398176292,2.6653386454183265,2.722018348623853,
16.0460947503201,2.701082431307244,13.446588746942103,3.018773466833542,3.0768733850129197,
3.4976651100733824,2.6973995271867612,27.906189384588256,22.85973423328412,18.542878826207943,
3.0093970242756463,25.65655233069481,2.581730769230769,3.07942464040025,2.823741007194245,
19.62945287199591,2.6380510440835265,38.708719851576994,2.701230228471002,2.628640776699029,
19.5787771898883,19.412429378531073,2.5019607843137255,2.7052954719877205,34.4188757285204,
2.822348094747683,23.08724832214765,3.316309719934102,6.331388078365986,21.58459337964855,
2.9233937397034597,31.794459156651047,3.16996996996997,28.570062171209948,24.93069505825633,
20.87853614728334,3.2003367003367003,39.44151376146789,2.912216532553036,2.6889714993804215,
3.9272727272727272,37.795951092403286,3.082269503546099,2.8581183611532626,2.835966892400301,
27.388914837303442,3.09362389023406,3.133252574197456,2.985967053081147,34.41816505301983,
30.66190089358245,28.725986448784376,2.9348659003831417,9.575029308323565,3.2288861689106487,
3.1434944237918216,2.4419642857142856,20.7429718875502,4.122257053291536,20.904737903225808,
2.950419527078566,34.6797603195739,3.7313266443701227,4.516113516113516,2.629777070063694,
32.167069827447186,3.1530537159676233,2.703894195444526,3.5709614126880314,2.522222222222222,
3.6728339350180503,26.209033280507132,3.5097629009762903,3.3005640612409346,3.632492113564669,
5.487371375116932,2.7419814682822525,13.154586052902783,25.89329887391545,34.03210537147561,
33.987854251012145,3.6303763440860215,3.069910514541387,2.7923128792987186,3.0817958179581795,
39.972022114256994,2.7460611677479148,38.59785908292059,2.7746358183376176,2.4405940594059405,
32.31490958717161,2.7595541401273884,2.761788617886179,8.103211991434689,2.776874435411021,
3.672199170124481,20.66790766939687,2.746205733558179,19.11996795513719,2.386677497969131,
33.349824698091155,11.724810400866739,3.1085319949811794,30.148759007205765,7.93240241193272,
29.63708733317724,3.0456375838926175,3.0047058823529413,3.091136079900125,3.246385542168675,
3.2767676767676766,34.75151305550752,3.6760098928277,3.0938555030384873,2.825296995108316,
2.887212643678161,3.245740498034076,38.82675923004102,2.894192521877486,3.175675675675676,
3.137704918032787,3.0409722222222224,2.7125097125097124,2.5330188679245285,3.3918495297805644,
3.1044025157232706,28.92523899011357,18.690185436454094,2.7663257277734066,40.73474221169612,
3.303030303030303,3.681374825824431,3.216139954853273,3.592869465209891,6.131502890173411,
23.381671947355592,3.0508100147275403,35.740558659217875,2.672043010752688,2.7323187108325873,
2.8369426751592357,22.526407573492776,3.4124860646599777,3.708854427213607,2.701793721973094,
8.475895765472313,3.8687759336099585,3.110706482155863,3.982570806100218,2.6254681647940075,
3.661500309981401,3.41593438781488,3.5834333733493398,2.9435535599743425,2.7280163599182004,
3.0970149253731343,23.893009985734665,26.70243155925863,2.9103139013452917,17.77985347985348,
3.207119741100324,13.819594302977988,2.8275584206285256,33.90391022268981,3.1347113328581613,
24.17769418012835,3.171076923076923,28.253816405454916,2.801699716713881,2.8815305371596764,
2.530150753768844,2.9703389830508473,40.4537037037037,38.033051614850585,31.479265525067053,
41.48408888888889,9.731626205520453,23.101738721804512,2.8066255778120186,5.208778173190985,
26.20994229915668,2.751519756838906,11.96171693735499,2.611267605633803,3.0492957746478875,
2.6632411067193678,2.774757281553398,4.281365998515219,33.593997562461915,3.134785568413887,
12.569707401032701,4.992968357609241,2.5476190476190474,21.769077230155073,14.241720829464562,
29.180026090737787,25.428443649373882,3.5934734513274336,2.6567717996289426,2.827483196415235,
22.87154784842646,22.207157404713413,3.798216276477146,12.847847518895826,2.8685669041963577,
2.812307692307692,36.007259865971704,42.40723490141282,3.108229988726043,3.243801652892562,
2.8622710622710623,30.116097093580326,2.7978533094812166,2.618238021638331,28.603133719682337,
3.311349693251534,3.557367501456028,2.613782051282051,17.17523609653725,20.49035532994924,
11.113358778625955,2.6884057971014492,2.76986301369863,4.942449841605069,2.561034761519806,
8.28798449612403,3.116320474777448,3.1544401544401546,2.8746666666666667,2.932142857142857,
3.6927899686520376,2.6779552715654953,2.5107296137339055,2.876269035532995,3.074766355140187,
2.7518796992481205,28.495258447976493,19.962104755008447,25.728033472803347,2.783333333333333,
36.928865593410706,26.91433324092043,22.221419975932612,7.618457300275482,2.461030383091149,
7.3076923076923075,2.4986945169712795,2.5695102685624014,2.823449216087253,2.727272727272727,
16.550456452010856,2.711034482758621,3.300844704353476,3.264904732636755,2.6907894736842106,
2.640238704177323,40.49613069647464,2.9871406959152798,22.144370250978586,12.79623713170039,
3.1540714704159343,3.012091038406828,3.396235760277365,4.2298507462686565,34.2578521722776,
31.997888810696693,2.91,2.8628719275549805,2.9932810750279955,2.686580882352941,
2.780650542118432,3.012921751615219,3.173026315789474,31.91870215092964,2.515151515151515,
2.9258816497310223,2.928319623971798,12.446858029480218,4.029329608938547,2.8270017533606078,
3.2644041041831096,45.996996996997,3.2339038304808474,2.3006912442396312,4.815910585141355,
2.574675324675325,3.627262443438914,19.005544115317598,2.543977055449331,2.746006389776358,
30.241211885803068,45.41488436793601,3.0546875,3.0364511691884455,3.58,
3.0380710659898478,34.53013698630137,13.264200407806584,5.389585342333655,21.33905827865689,
15.861702127659575,3.2363765038924273,2.578488372093023,3.6234939759036147,14.350744172985117,
51.47720315772515,40.32038959374599,2.7888888888888888,10.763391273501242,3.122186495176849,
3.535017221584386,3.029741863075196,3.089398280802292,12.918199608610568,4.166515013648771,
22.289790575916232,15.746363906203621,3.064673581452105,2.677058353317346,10.09493487698987,
2.9158031088082903,3.829825616355983,30.855741182710158,2.6878923766816145,6.091610414657667,
28.680602006688964,4.026592455163883,3.1166797180892716,35.4826764144946,3.6245919477693143,
33.218331616889806,18.867980884109915,37.216001353179976,2.9296235679214404,3.2420343137254903,
34.66157031374423,3.4663636363636363,2.926510989010989,2.844217151848938,15.532611565883284,
5.643370033508856,29.122286397132047,2.574823943661972,34.89907247288162,3.2642335766423356,
2.8716502115655853,23.058774314996864,2.952925353059852,19.135063686613794,2.7376478775226167,
31.389564241630822,37.171793054571225,39.88256484149856,3.5513843266072267,16.212517848643504,
2.7364394993045895,2.9589183567342694,3.0257104194857916,5.228243877019281,12.368398079441292,
43.06893432241723,3.9826953329837442,2.982174688057041,4.820675105485232,22.070179640718564,
16.64108748081561,7.458692185007974,3.0701219512195124,2.7318563789152024,3.8672517827756447,
19.225769669327253,3.8843683083511777,2.7796257796257797,6.397538015930485,2.9793672627235215,
7.783509183274717,56.52096525757317,3.382716049382716,2.5947546531302876,3.337290502793296,
34.384959602237416,22.968082984240972,39.09220249255542,2.7927321668909824,3.2167130919220055,
3.0189919649379107,3.0947712418300655,3.1416275430359937,36.834639106517756,2.4013035381750467,
2.5602409638554215,2.929411764705882,20.0761316872428,24.83541055718475,2.6543624161073827,
2.713910761154856,3.111286503551697,3.411111111111111,3.059679767103348,2.776,
23.718731475992886,17.244697361614072,34.19651442307692,2.991679273827534,12.4712715855573,
6.0843091334894615,3.1577380952380953,2.577625570776256,4.095238095238095,33.074498913305966,
22.733566026759743,2.722491909385113,18.928784648187634,3.2032085561497325,26.22634233165233,
22.595897883482436,25.13524201202151,23.122940430925222,3.0329883570504528,3.9194630872483223,
34.6702854845195,2.795738427626745,3.670470104974897,3.1127770534550194,3.0553787396562697,
2.522167487684729,3.6430432516935904,2.8044206296048224,3.096802074330164,3.2828520919269297,
2.7428139183055977,2.9404444444444446,3.453755748594788,3.1287988422575976,2.816326530612245,
36.35100855745721,7.919981710105167,3.10627719080174,26.34802644760569,36.35600775193799,
3.5351170568561874,2.829202947086403,2.4423645320197043,2.732475884244373,33.122347393240766,
4.638363171355499,21.393420760168926,26.25258883248731,3.5137170521785905,35.64106040066275,
3.1736147757255937,4.063877897117015,4.7892289810151105,3.0359007832898173,5.479564032697548,
2.6923076923076925,2.9758643183300717,2.958020050125313,3.035904255319149,2.635708566853483,
3.787057522123894,3.094751192910702,2.687735139202408,3.2986598596043395,21.02606516290727,
3.6875,3.195888754534462,3.0408825438027254,2.9204545454545454,22.343189964157705,
3.3669501822600245,2.7265170407315047,3.164691203992514,2.494901960784314,23.22023302074453,
14.2455671605538,2.785147801009373,3.2831449126413155,3.1623740201567747,2.956839795171909,
3.2792345854004252,14.26727334007415,2.746552856204859,3.1091891891891894,2.6912442396313363,
36.86129827444536,3.080562659846547,2.737925574030087,2.4108858057630735,33.73955384441173,
4.038481272447409,2.6774483378256964,3.3607954545454546,2.620426829268293,2.7112387202625103,
35.79561901036573,30.995242141036535,38.62080967210112,30.017530037423676,12.144057118857623,
17.219115549215406,2.5795918367346937,27.67557734894021,2.763116057233704,40.05199554778184,
11.789855072463768,2.9523809523809526,11.98658448150834,5.027964205816555,2.8858921161825726,
2.9217325227963524,2.82890625,2.913673597983617,15.921325648414985,20.375863657300783,
2.6743849493487697,2.503612716763006,2.477056277056277,3.355146124523507,3.0041079812206575,
4.741440798858773,4.605319605319606,2.7341996455995274,3.727745965642894,2.973101265822785,
2.637704918032787,3.9005340453938584,34.073489803770684,2.5724275724275723,2.987720644666155,
2.72578125,2.5573248407643314,2.5410094637223977,12.117249698431845,2.8176907494935852,
2.8505825908156273,35.99817489287415,3.450323339212228,3.1074806534823733,32.8752,
20.316374962919014,3.1214549938347718,4.267665952890792,20.55025084965205,3.525488327775131,
2.975049244911359,2.815116911364872,3.2824974411463663,3.084298584298584,2.543419267299864,
2.773469387755102,2.996376811594203,3.339622641509434,2.7239454094292803,22.224067333939946,
35.48735501045826,3.0365384615384614,3.453810623556582,3.4867903316469926,20.590691743704177,
3.8372093023255816,3.5518777848504137,2.6871320437342305,2.699738903394256,20.14484256243214,
18.583263364119787,26.20194262480235,18.274110366168127,27.185849526656703,17.027255639097746,
22.93453009503696,2.82510885341074,3.223202170963365,2.384180790960452,6.476513317191284,
22.272372782218756,7.891093677895708,2.756033920417482,2.9562450278440733,3.014450867052023,
5.202025316455696,13.488909090909091,2.617005267118134,4.251428571428572,2.7619433198380565,
32.80504833512352,3.4155339805825244,3.054558011049724,38.876408450704226,21.183319039451113,
3.212063492063492,3.4329199549041713,17.085194091377534,2.9385593220338984,8.807323142552436,
33.695305580159435,2.558670143415906,2.8765822784810124,9.52856665552957,14.490986931050022,
22.210052295177224,3.0269251480883144,5.350326264274062,2.9634626194491287,3.939927498705334,
23.57619968359993,12.532467532467532,8.224381625441696,2.5414123801220576,10.502174772637407,
40.5117773019272,3.378468368479467,2.6090404440919905,3.0409511228533685,4.055172413793104,
24.704901362619484,3.9787426503844414,3.36604260813428,2.7099630996309965,2.625085675119945,
4.567094932191292,3.037848605577689,3.9556014455343314,3.243090806542583,2.621163166397415,
2.617336152219873,2.979953739398612,14.917091836734693,17.611893907998343,27.426307448494452,
21.552742616033754,17.832008207232622,33.00507062658457,3.4748500230733734,3.3614363778298206,
2.553921568627451,12.450257289879932,4.127965043695381,3.217079530638853,10.81164695177434,
3.0477087256748274,3.822615219721329,3.0080128205128207,3.6879505664263648,15.748865043334709,
3.219311377245509,51.808541734329324,9.275521821631878,2.787124463519313,45.477360066833754,
2.8900592495062543,4.393458393458394,2.9301175015460728,3.6705426356589146,9.155185465556396,
19.119809956620532,22.924616410940626,4.388307155322862,11.096335940716344,2.792393026941363,
3.164441321152495,3.0,3.9612097304405,16.41158279448974,5.974763406940063,
3.0071902654867255,10.31295738269479,2.511764705882353,33.45451400899343,22.35917467948718,
3.1294919454770755,2.730091613812544,3.7130541871921183,35.59865005192108,2.73313995649021,
11.94620253164557,24.365938430983118,30.9580078125,2.470530451866405,2.8419711129991505,
2.837574850299401,3.2620689655172415,3.3666899930020993,3.0120056497175143,2.859709153122327,
3.5575221238938055,3.2086693548387095,31.670474910394265,3.0021037868162694,3.289639381797367,
2.8482456140350876,2.984081041968162,2.9866760168302946,10.080152671755725,25.9834528405957,
14.219546742209632,5.551601423487544,2.417538213998391,33.0123671078325,2.861604409063074,
2.7152221412964312,22.084310189359783,16.18524007113219,2.974042829331603,2.401471790678659,
2.873546511627907,2.786008230452675,9.261368129695532,2.740315638450502,18.06542288557214,
38.59217652958877,30.050685644853324,3.6117488183659687,22.19415027735754,28.473637176050044,
16.08949945593036,3.3654957759004,2.4928511354079057,2.711576193590582,3.2791563275434243,
3.0213316095669036,42.72845227062095,2.600609756097561,3.114985163204748,14.766812865497077,
17.42284980744544,3.2767052767052767,2.5974338412189253,21.9056856187291,3.4383172256964185,
25.866610455311974,6.00399290150843,3.496325607687959,28.65397590361446,3.801374570446735,
3.9295454545454547,19.74670921420024,6.7758678800134815,2.7808429118773947,31.72,
4.097862767154106,11.037468170243725,3.0888443553774216,2.9461738002594036,3.012084592145015,
27.91930508199383,30.752116558377633,2.915492957746479,37.40336289726534,3.7011070110701105,
42.239851204916704,3.549899193548387,3.2515611061552185,7.362312980186009,3.5906998158379375,
3.158968206358728,3.438021122846026,2.99009900990099,3.200365408038977,3.532710280373832,
2.6443298969072164,15.145393721049922,3.01620029455081,18.264701245467446,2.8728932584269664,
3.654107473749228,2.7563959955506117,2.774024024024024,2.995942028985507,3.076681332495286,
5.632892804698972,2.706810035842294,3.1603348358016743,3.8306110102843314,5.188210961737332,
6.392539964476021,27.52463465553236,2.678370786516854,4.932244113407016,2.917503586800574,
3.7207379134860052,3.3196668802049967,2.570464767616192,3.7645118733509233,10.888734353268429,
3.5841232227488153,2.9526736324523664,2.8995127892813644,15.213650702609693,2.8771593090211134,
38.05338136564598,2.86431784107946,4.843592330978809,3.1298436437797417,2.7362002567394095,
43.04520884520885,3.183129055515501,26.63362289218191,5.163578613022763,2.8899392302498312,
3.2654713707345286,23.49897982316935,3.608950452850293,3.222057735011103,3.7278048780487807,
18.288155708521245,3.0821656050955415,42.32587764775589,29.084666039510818,2.7669962917181707,
46.62045739348371,36.774751929437706,2.8755304101838757,2.492129246064623,2.8414264036418815,
3.0250329380764165,2.7634730538922154,24.46618613525546,28.885414961532167,2.7990654205607477,
3.7687376725838266,16.075949367088608,3.3541992696922276,11.737935656836461,2.7445830597504925,
2.861182519280206,28.3324889170361,2.898199875853507,6.8274747474747475,2.994981179422836,
14.786378737541527,3.0830842797369993,4.188563327032136,2.9244897959183676,14.731690853864327,
3.572929542645241,37.60923803101821,27.223265117710415,20.19799016463545,3.23953013278856,
3.1907216494845363,2.8394808743169397,48.620940460081194,2.6449814126394053,3.290415704387991,
34.80117173196631,3.4636410520887053,24.858671909130624,4.172379032258065,6.800396235760277,
29.918554631488384,45.78443002780352,2.860392156862745,3.301635372501514,10.14200477326969,
16.846320346320347,19.49802371541502,2.6269767441860465,21.107715244129704,29.221681134871904,
2.59871931696905,41.84758854559156,26.896987087517935,3.813201320132013,39.70129651456474,
45.467586349963696,3.88170865279299,3.9128461189287336,2.631053036126057,27.125696456429687,
23.927682403433476,2.7392937640871526,2.7208398133748055,2.9623693379790943,3.0778481012658228,
3.3450031826861872,7.148779542812863,2.545221843003413,2.7260596546310834,3.071265678449259,
3.3944618599791014,28.71231696813092,3.3628808864265927,2.716546762589928,3.0876358695652173,
10.836515825268114,2.4699551569506726,3.7053469852104666,3.5127190503109103,3.150508474576271,
2.679782903663501,34.64362676830609,2.552973977695167,15.354071661237786,2.7640671273445214,
3.8221476510067114,3.5044101433296584,2.938775510204082,41.15941777854791,3.293308317698562,
31.18497461928934,2.8417670682730924,3.680735930735931,3.0166666666666666,2.8729641693811074,
3.594758064516129,31.760401721664277,15.300382653061224,25.589171974522294,3.07297726070862,
3.3222722159730034,4.274943310657596,40.29597701149425,3.554392088423502,3.791289592760181,
30.878219205430227,2.542883211678832,15.965856481481481,2.5432525951557095,23.08568608094768,
27.326262626262626,2.9354180829367778,3.0639296187683285,33.3625843780135,23.018514436852545,
3.0138568129330254,3.022905759162304,6.116666666666666,2.7794585987261144,13.482073011734029,
16.026724357342836,4.6239210850801475,47.49669087974173,2.9274965800273596,3.4067592033796017,
3.0315717227179135,3.296103896103896,5.253645833333334,31.968416649236563,2.8559892328398386,
2.784550392275196,3.3584710743801653,3.633834168057874,4.002186987424822,2.7961822660098523,
13.09515859766277,26.652524600742055,18.91371003066141,14.096836313617606,2.9440167949615117,
2.9750656167979,3.9521304576538663,3.217827626918536,27.9112641815235,2.5623599701269604,
2.7828612926652143,45.5696300901461,2.8899317406143346,38.49716177861873,2.4864612511671336,
2.6211453744493394,2.790595150624541,2.9944375772558716,3.1575963718820863,3.473928157589803,
43.62572797640988,2.9088416723783412,3.063625450180072,2.5481099656357387,2.568093385214008,
3.4050802139037435,16.908711963318048,3.184975194897236,31.455137227304714,16.824680619733623,
7.152519893899204,33.064701778862926,17.979094076655052,2.534580960130187,16.322605363984675,
2.889390519187359,18.705926670015067,2.699558173784978,3.4194008559201143,39.925485097019404,
2.8824249846907533,3.33859649122807,2.93366398016119,3.088704088704089,2.7771144278606967,
3.7826379542395694,2.9330453563714904,3.407387580299786,30.206375838926174,3.1457905544147846,
3.0576086956521737,17.264725795531483,3.2964426877470356,20.67868776174965,2.6808905380333954,
3.0322043309272626,15.907584683357879,3.975790706755174,3.391959798994975,3.252726106478512,
33.57403555219365,2.781725888324873,3.3184357541899443,23.17826158127353,2.933333333333333,
17.46788385393753,31.79260816255036,3.8508725542041247,3.119951040391677,2.864420706655711,
3.0,3.360391882435269,22.73918640576725,2.6967340590979783,2.7315608919382504,
35.06502388189318,37.38337182448037,9.78652238071815,2.902290076335878,24.345258999122038,
4.076484560570071,41.95188325774009,2.838258164852255,3.142942942942943,2.6684996072270226,
32.19025522041763,40.552382480346544,2.6847527472527473,29.704825642831985,23.052290315833506,
42.26531147540984,3.2282905516111415,36.39871476559077,3.0721776681061073,2.6673835125448027,
3.7952101661779083,43.16016150740242,2.995055624227441,3.602052451539339,3.51894374282434,
3.6015915119363395,45.01357109042134,2.780772032046613,2.674687199230029,2.5025553662691653,
3.6035934868051656,4.119115144639818,3.249540159411404,3.1557971014492754,37.48388581952118,
22.86906584992343,29.304796599878568,3.445602605863192,2.6800966962127317,2.6758793969849246,
23.541467889908258,2.470439189189189,20.7826677533279,3.160791589363018,2.9230125523012553,
3.076769025367156,18.877682403433475,18.93161782225399,2.5832642916321458,3.198223209328151,
21.48683904029816,2.5538592027141647,2.5582268970698725,3.121232876712329,9.10486757337151,
33.82580754270252,3.51728320194057,2.825874125874126,17.04855178162117,20.33188300700991,
3.216387766878246,37.84761210353627,26.758273009307135,3.2488372093023257,2.5934272300469483,
13.601253918495297,3.4484848484848483,2.955263157894737,2.9763513513513513,3.109951845906902,
36.07142857142857,3.3606153846153846,14.885660731021556,4.906063193851409,2.8927899686520377,
12.115710253998119,2.9080381471389645,2.74481658692185,3.7172686230248306,2.7149894440534834,
4.008565310492505,2.6218623481781376,20.496658250408437,2.858627858627859,13.90185676392573,
34.91433379225945,3.0506685432793805,3.886416861826698,2.395098039215686,3.0748865355521935,
3.467173462335867,19.235444657709532,12.81813031161473,2.912258064516129,2.7182448036951503,
25.143623872906826,3.1327044025157234,18.154424522845577,3.1649937264742785,5.67197271176805,
24.331074347219452,3.213691618682022,16.994423421629158,3.640144665461121,3.122100954979536,
4.106468231253578,2.675997200839748,2.8759856630824374,2.9400428265524625,34.10657905280872,
3.340721649484536,3.8595617529880477,3.194,3.5448101265822785,9.504206918043003,
9.422933730454208,3.617114646187603,35.65358784022623,17.327951807228917,2.3853530950305144,
2.896551724137931,24.61919235779418,34.45137717818999,3.012635379061372,35.86942513142276,
32.62050763701707,3.5462740384615383,2.857528696826469,2.927536231884058,5.141826923076923,
3.7567893783946893,2.883137254901961,2.6981786643538594,16.220386223372486,41.95385681750668,
25.376775568181817,3.082638888888889,2.743691899070385,9.775805698271835,4.040025015634772,
2.7941760423560558,2.778184480234261,29.402273479748374,3.045510455104551,2.4824063564131666,
4.866585067319462,27.998494324762568,2.7309985096870344,3.1023288637967537,3.2222982216142273,
3.0908273381294964,7.238154613466334,2.646960865945046,42.461208981001725,3.4727143869596033,
3.1506572295247723,31.478744782810328,3.5923423423423424,2.6158536585365852,3.044202066590126,
2.6197301854974704,3.040693795863909,3.415705656232839,2.6800401203610833,17.244642360144727,
3.2876329043088974,2.8615688859591297,6.675117710974285,10.020386266094421,2.9362745098039214,
2.9154135338345863,4.029978586723769,35.34031170039544,16.02409217877095,2.644620811287478,
4.480828558836492,2.9284638554216866,34.73581531458299,9.49929610511497,3.7435740514075886,
3.128223495702006,3.0533610533610536,2.919782460910945,27.059732043170822,2.666370896184561,
3.2908496732026142,7.332319721980886,45.66205475419488,4.432203389830509,3.485749690210657,
3.007735583684951,3.151074151074151,3.4589460784313726,2.603186097031137,3.5959849435382685,
3.281926646045073,2.8666666666666667,3.9802347127856703,9.277939747327503,2.7071547420965056,
2.980935875216638,2.8388179986568165,23.5640217702664,24.945060658578857,2.871947194719472,
2.884377150722643,35.401092896174866,2.7838038632986626,5.1771013490141815,13.150479233226838,
2.9853820598006644,10.614681603773585,2.841452612931798,16.340763576001898,3.218538565629229,
24.90436100353595,2.7124645892351276,2.7335307179866764,2.8127721335268503,5.6013107591480065,
13.514886731391586,26.44189100459619,3.2378580323785804,5.370199692780338,2.6933744221879814,
10.921794871794871,21.265720081135903,34.679402793385776,32.799760806424054,31.32314794460321,
14.273343884241465,2.69218989280245,3.160460392687881,2.8758217677136595,15.427589674824002,
2.677899686520376,2.8749194068343003,18.931081608746585,9.064130776485381,21.198079427083332,
36.250904159132006,23.245185185185186,29.054269175108537,3.114443084455324,3.7443181818181817,
36.18632341110217,2.925822253324003,3.168539325842697,7.444741532976827,3.216946676406136,
3.0231481481481484,3.508947368421053,20.027878513145964,2.7457865168539324,29.639747995418098,
3.724530831099196,3.0214741729541497,2.5668202764976957,2.634125636672326,3.0738820479585223,
2.5186412593206295,17.721509433962265,2.904382470119522,2.734132581100141,3.371717171717172,
3.354391371340524,28.642105263157895,4.219076005961252,10.85480244137488,29.70539776220337,
5.884275618374558,3.2876106194690267,3.059913526868437,2.5661157024793386,3.0460277427490543,
14.054764512595838,36.70349847892221,3.0821917808219177,2.6064400715563507,3.3648068669527897,
28.53397197090651,2.6821766561514195,3.169383416017009,14.685175751400918,26.751128557409224,
3.138810198300283,3.524261015058561,2.8805194805194807,2.5959866220735788,3.1030927835051547,
19.760299625468164,3.301129234629862,22.00024230676036,3.307045895281189,9.53604568165596,
29.006162318080502,3.126865671641791,2.691420331651045,13.500276548672566,3.1816984858459514,
3.3896424167694206,9.604131956014662,3.1128266033254155,2.759976176295414,2.6959682749504297,
3.407612031921424,3.7571743929359824,2.741151977793199,3.1267441860465115,3.6153846153846154,
3.05718085106383,24.672588261749492,3.5664010624169986,2.8624620060790273,3.1341156747694887,
28.085282893645264,3.222559126743481,2.891509433962264,2.550239234449761,2.514554794520548,
2.842787682333874,3.254280821917808,3.45985401459854,2.6368997472620053,2.518867924528302,
4.122923588039867,25.46082474226804,3.491281273692191,38.759697256386,2.7774607703281027,
2.8751633986928105,3.379601689800845,6.0,2.710144927536232,9.944555112881806,
18.326947001741726,2.995943204868154,2.743668457405986,7.146840148698884,17.564585115483318,
9.270211216314639,3.21917070543888,2.7936984246061516,2.5256518082422206,21.695369307309605,
42.22957507082153,2.9510869565217392,3.1505698860227955,3.1028571428571428,5.40173116089613,
17.456953642384107,3.3557010365521003,3.2156970362239297,3.1759634888438133,3.6293622141997592,
31.234165424739196,3.2255813953488373,3.254769230769231,2.4855004677268475,33.435892825031466,
3.165621079046424,28.038077818423677,18.259751037344397,34.454005934718104,28.0360899528473,
4.257900677200903,13.403624956430813,3.9350921273031827,4.451642335766423,2.9415662650602408,
8.909885931558936,4.119796954314721,3.193213296398892,2.70140428677014,3.6205896568390528,
20.39661515820456,3.173325499412456,3.510227936879018,2.829298572315332,2.7464150943396226,
2.867371847030106,21.096656217345874,2.651183970856102,50.23995127892814,2.8832309043020192,
3.0297542043984476,2.689679218967922,7.844796543032049,3.1121380160197165,2.607809847198642,
4.016429353778752,2.7951706910907577,3.3193137797454346,12.290519877675841,2.6207839562443027,
3.0725034199726404,4.0122970978848995,29.491957104557642,2.455211726384365,4.838483146067416,
25.375849660135945,20.898403928790668,2.806064880112835,2.9765201685731486,3.6779026217228465,
3.1594827586206895,31.97077854310165,3.0426997245179064,21.250332594235033,6.199556541019955,
10.183572895277207,3.3209424083769634,36.944502306204434,3.012453300124533,2.657273918741809,
2.70926243567753,3.0333086602516652,3.1847389558232932,28.3892740353172,23.97739504843918,
23.757944814462416,30.061206516952883,2.7318037974683542,3.6199639206253758,3.552052785923754,
2.8437741686001545,2.89247311827957,2.629449838187702,2.656515580736544,3.1531268264173,
3.218668407310705,2.6483931947069945,2.8463832960477258,23.944011484823626,3.0449374288964735,
4.051525423728814,2.7391653290529696,35.517796311523554,36.42451967063129,2.8328767123287673,
2.716573816155989,8.035302861389818,37.55250783699059,6.955587392550143,3.8826419213973797,
2.8199052132701423,16.72271476612657,3.6843434343434343,2.811487481590574,40.43968636911942,
9.30990990990991,3.0791450028885037,9.052874378992193,26.299388719088636,2.641226353555121,
36.4650826446281,25.37839917906619,2.872192513368984,2.7552083333333335,3.1444043321299637,
18.36813759555247,18.52154140737195,13.035041224970554,2.598101265822785,2.6226138032305433,
4.030734206033011,3.764507042253521,3.3150208623087623,2.653658536585366,25.02252152793111,
2.6060894386298763,28.410232558139533,39.40866258885766,2.7351164797239,2.8016064257028113,
2.8332184700206753,28.19881134969325,11.507589128132722,30.913339301700987,3.4211428571428573,
3.157816005983545,8.22683923705722,2.8768115942028984,2.9148639218422887,3.1244047619047617,
23.68000661485034,2.721605465414176,2.9954545454545456,3.3165876777251184,21.63810762477646,
3.0594660194174756,3.3125836680053546,2.690308988764045,37.73224777572604,2.9082758620689657,
16.658594012781702,33.73149462583655,3.817050404480398,2.6547619047619047,3.3151465798045603,
2.507383966244726,29.385336906584993,2.51931330472103,2.4936131386861313,2.7181889149102263,
30.915244261330194,2.8081805359661494,30.986048339555904,2.6960556844547563,2.6777408637873754,
32.469586902309445,28.56478950246036,3.454230235783634,2.491635687732342,18.42528735632184,
2.9449367088607596,3.239570164348925,39.42700248938351,2.9830611010284334,22.24707629478374,
13.996826068556919,2.8370565045992118,4.422172452407615,3.1331789229878404,3.0594202898550726,
3.143646408839779,4.27907932593506,32.43011316010059,42.90789245446661,2.8183041722745625,
3.94033031433138,2.8900602409638556,44.12568306010929,2.6501572327044025,3.5631273111463284,
2.653511705685619,30.23240425105274,2.6360266864343957,2.847082494969819,21.08771516151851,
2.945491251682369,3.2083333333333335,21.83012306046014,2.475748194014448,3.3014836795252225,
2.668016194331984,2.9238013698630136,38.25617623918175,27.96670990056204,3.4360812425328553,
2.702189781021898,2.7268482490272374,27.993308434484906,2.6093489148580966,3.251890634089587,
3.3628318584070795,2.815436241610738,2.9866853538892784,2.9659348978046935,3.498769987699877,
34.60148552372291,2.9908515130190008,3.1564215148188803,2.6523746701846966,3.5718404613166745,
33.87143295489414,2.543338683788122,4.051345962113659,4.787158145065399,2.78680981595092,
18.980167338084907,4.084900591080064,2.9448698315467077,15.312026913372582,3.3494444444444444,
18.150665124349334,11.247688428131129,3.0835762876579205,2.9615062761506277,23.124835454146556,
2.7816593886462884,3.1617558628983766,28.33659793814433,2.6565836298932384,6.9335624284077895,
2.7297887836853607,34.87949556282111,8.153300212916962,2.726049089469517,4.2754641244355245,
3.2073595226255596,10.555735711390353,3.118119266055046,3.0354609929078014,3.261676646706587,
2.612431444241316,19.79281767955801,3.374301675977654,41.05095541401274,12.120079227531567,
32.88197474167623,2.513900589721988,2.9950634696755993,2.5480225988700567,3.2216288384512684,
3.3818849449204405,7.570829589697515,3.207527443805541,36.991213310899234,29.603166133048738,
41.73147661586968,2.890677397719651,6.356820975010241,3.106589147286822,23.93367010762135,
27.00200652119388,16.790341237709658,3.129054054054054,2.945216049382716,5.320441988950276,
2.6393548387096772,4.204984423676012,2.664457332228666,3.1889967637540453,3.946335833814195,
3.1773009599096556,2.931782945736434,3.2896774193548386,3.175,3.183098591549296,
38.379462707670555,2.923146473779385,20.095701540957016,19.592385953396782,4.601051401869159,
3.7425018288222387,31.05414076599158,4.228315612758814,2.7179681576952235,2.6980428704566637,
2.5159176029962547,29.2828125,14.960474308300395,2.888728323699422,4.4273641851106635,
3.5068306010928962,4.124076029567054,3.2022662889518414,18.71372031662269,2.7130718954248367,
33.9123299503347,4.907171139463264,22.472490221642765,3.4519528828270305,20.705438401775805,
5.279480037140204,30.05422943221321,33.251486507089496,28.95069871436557,2.302551640340219,
3.1121076233183858,36.38386648122392,2.509273570324575,2.8920657612580416,28.990545898139676,
2.6993150684931506,18.18934760448522,2.740250183958793,3.634965034965035,3.5428571428571427,
34.17284294603882,8.330257715558384,31.385394761995794,3.027910142954391,17.379267993122085,
3.122797043774872,12.306779661016948,2.659800664451827,2.471020408163265,2.991618310767247,
10.993219129193433,2.642781875658588,3.906483075157774,14.85553997194951,4.23292469352014,
13.104077253218884,23.157618213660246,42.73119310014375,2.7091988130563798,2.7923904052936313,
2.894208037825059,3.841433778857837,2.776364996260284,23.18663594470046,3.152173913043478,
48.738811583301995,3.035685963521015,26.66104261302185,33.52311078503301,2.915447154471545,
40.919155590304925,2.8102866779089375,3.0229468599033815,2.9370444002650764,19.080576759966075,
2.6906584992343032,16.53766440813073,27.17160294381619,3.479826194909994,6.586841029832448,
37.00391703017894,8.390021082220661,2.4826711749788672,2.60668185269552,23.563676362747493,
3.5517460317460317,18.201905204460967,3.0877742946708464,3.0617441120305537,13.99845583693638,
3.2922374429223744,27.606538571838257,2.9883227176220806,8.085892116182572,2.5864661654135337,
3.1255539143279174,25.163333333333334,25.73042109405746,2.7820945945945947,23.59196725505244,
3.191780821917808,4.102860620815581,19.629324546952223,3.690659340659341,2.9861212563915265,
2.5444172779136105,32.17917783735478,3.0151202749140893,3.8099447513812157,3.5594035594035596,
3.004158004158004,21.993271028037384,18.541984732824428,2.954248366013072,5.9235641891891895,
19.28848247332898,25.256540560888386,34.718197375926984,20.269544617004474,2.8960223307745987,
2.6513098464317975,40.873357775740914,2.678466076696165,3.575516693163752,36.28387383385162,
2.817204301075269,29.36492281303602,2.875,2.6583044982698962,11.100958826847151,
6.861018562589243,40.23185298621746,4.5545410860163384,2.5539383561643834,3.206056616194865,
20.62749126772139,3.8533604887983706,2.836349924585219,2.7585078534031413,2.9994337485843716,
3.32287403365166,3.1752701080432173,4.8719052744886975,2.7599337748344372,3.1867852604828464,
12.46474358974359,6.946737044145873,23.214814814814815,3.490184414039262,33.55205104831358,
25.273762094479228,3.5708382526564346,3.551266586248492,22.248005319148938,18.96632904462086,
16.590514030295505,2.6793313069908815,3.1073313782991203,3.6466321243523314,3.2508813160987073,
3.8644838562983175,4.517043121149897,3.0097680097680097,2.408390410958904,2.624910007199424,
22.489799249224742,43.914579439252336,2.589392643284859,2.6448598130841123,31.59231568016615,
2.7666455294863663,18.298564074776483,11.11814946619217,2.9079646017699115,3.348148148148148,
3.441271551724138,12.489755264655663,3.3773693279724295,3.2916934964584676,2.6831245394252026,
2.875684128225176,31.28216957605985,2.6124661246612466,2.765367316341829,2.7674616695059626,
3.9050514499532274,30.065391084945333,2.728500355366027,4.102783725910064,45.97002772002772,
23.528069493063658,2.845054945054945,3.8884099616858236,2.837150127226463,2.60080971659919,
3.322949777495232,4.130745658835546,22.862726849697534,2.7013333333333334,3.1512987012987015,
44.49804720665648,3.2625250501002006,2.656494522691706,32.199658411614,2.3895486935866983,
4.7139579349904395,25.968424895053843,3.5204419889502763,3.6941176470588237,2.94327990135635,
30.28481425157506,2.903587443946188,3.056862745098039,2.562551103843009,4.758878504672897,
35.257791922739244,16.102536997885835,13.846236559139784,2.8419170243204577,2.4510556621880997,
31.03131039814457,3.2567401960784315,2.8655083655083655,3.8958068614993646,19.265358802271553,
12.317946505608283,3.2836752899197146,2.8755426917510856,2.672970843183609,2.7095363079615047,
2.6296863045141547,29.01389205192439,3.5459681561376475,17.87587953841824,2.7759220598469034,
3.6298527443105755,2.657247037374658,38.750156739811914,3.255192878338279,34.922931887815224,
38.646333364955886,2.4120689655172414,3.835942818243703,43.95008025682183,2.5532286212914483,
9.245116813481424,5.263672999424295,2.5178777393310265,42.16016627949627,3.050498338870432,
2.822676896845695,2.8063033486539726,28.609098749460976,29.62533512064343,28.88200125865324,
3.3499413833528724,29.886671832623016,21.31754642186522,5.230916946711474,2.9037603569152326,
40.799767340410064,38.6376787495843,2.7013446567586694,3.065979381443299,2.5873949579831934,
3.001132502831257,3.7135922330097086,3.4525073746312684,15.84717416378316,3.2233062330623308,
15.034790109258195,23.377469068808335,3.540983606557377,3.015375854214123,2.951687116564417,
3.133185349611543,5.776668418286915,3.5997952917093143,3.3566726511071217,3.2320574162679425,
2.6287015945330294,21.142501436506418,2.647246608140463,3.030662020905923,2.859030837004405,
39.24462750716332,3.3480941704035874,3.6340605207600283,2.9190751445086707,4.506172839506172,
2.912891986062718,34.52199536939592,3.341292134831461,14.08248556502612,2.8836937463471655,
3.141250878425861,37.59088340553777,11.768840746715833,2.575899843505477,9.706732158335742,
34.916152615947,6.286345558992488,24.66376116801046,3.04901185770751,2.6663524976437323,
3.157321720195972,28.677747158112297,2.874121405750799,2.5771180304127443,3.0503637381085618,
25.98452424132511,4.416,3.1539558089807556,8.987323433538572,37.48476411446249,
2.88309503784693,3.4429490930368636,2.7465703971119133,21.25375796178344,2.7245841035120146,
29.79378648874062,24.048499399759905,2.9994079336885733,4.417894736842105,2.8911715713492505,
12.611309360417238,2.5225362872421697,2.792838874680307,2.8654458598726116,2.653372008701958,
21.824075609351684,2.723454833597464,3.4989795918367346,3.187956204379562,36.83775227542541,
3.2744027303754266,3.32447710570944,2.7416666666666667,18.220773171867723,37.96354725072752,
22.223617705621074,4.029197080291971,14.002348796241925,3.5352971051295072,3.3989298454221166,
26.037413793103447,2.977299880525687,2.7903871829105475,3.057173678532902,3.3314917127071824,
7.419078679168365,3.0841819416157503,3.9432624113475176,3.263219741480611,5.329443447037702,
4.715550636413946,2.697764070932922,6.2520107238605895,2.8647665251667678,28.63951001361073,
3.479251423921888,2.9702290076335878,3.3927188226181255,3.2441574415744157,11.909454545454546,
21.96415837868268,3.0640845070422533,22.568655643421998,3.0225829216654905,2.74749498997996,
3.890520134228188,3.3724604966139955,3.0942196531791906,2.589214908802538,2.6413398692810457,
2.850629874025195,3.097734627831715,3.8439169139465874,29.561434193266287,2.658005029337804,
3.2430093209054593,3.661556603773585,4.0956439393939394,19.077857878475797,2.9993169398907105,
2.73920130399348,3.4126302881667687,27.81385108086469,3.20374531835206,4.163252240717029,
3.042902208201893,2.801864801864802,23.224935732647815,2.989026063100137,2.4578096947935366,
3.781725888324873,2.4098654708520177,2.911184210526316,3.1503611293499674,2.8826666666666667,
37.17467568061392,40.352307943239275,48.00552575979197,2.4228515625,3.0184718723761543,
3.899850523168909,3.1625282167042887,2.827971109652003,10.334903808402041,2.5444015444015444,
26.919913027722412,20.277054226852947,32.70958814911281,2.707720588235294,2.5336322869955157,
3.122108660570199,4.93572044866264,2.552039381153305,2.620327868852459,18.85660731021556,
3.5871234494979327,2.5683279742765275,17.987937273823885,2.487364620938628,8.450268392800758,
2.8924652523774688,4.1717868338557995,2.703305785123967,2.960242587601078,31.129288472145614,
27.05185034566897,2.6550387596899223,2.5625498007968126,8.382429784454605,2.7868852459016393,
3.0333919156414764,32.144895370957514,5.276473011948908,8.675074676402257,16.930390995260662,
2.826852531181218,2.8116520351157224,20.736174804424063,3.2712550607287447,23.582675720315653,
4.627211457455771,3.5990752972258915,4.16852487135506,2.849246231155779,3.401688781664656,
3.50996015936255,31.754046446164672,2.55098814229249,3.2353636901241867,3.174465626805315,
3.3637387387387387,3.4621802002224693,3.9131082423038728,2.4588492352512747,4.310769230769231,
41.31687308991475,16.85859639968693,2.647754137115839,23.916298414348844,27.366477272727273,
4.728187919463087,21.50489089541008,3.0655307994757535,13.156565656565656,2.9555555555555557,
9.565351629502572,2.6360347322720696,3.0036954915003697,2.556451612903226,2.7684797768479776,
4.09113545816733,3.209228824273072,18.515697515697514,2.9760932944606413,15.205604958232282,
3.115267175572519,45.7560414269275,15.684774092452338,2.83461210571185,31.535558438495105,
13.578723404255319,27.61533273381295,3.8541289933694998,2.9980830670926517,2.649896623018608,
11.144955925563174,10.907502977371973,2.965149359886202,2.6828070175438596,34.11914811972371,
43.14706350469521,2.641924959216966,2.7196261682242993,33.60054894784995,3.4267269205939317,
2.9782608695652173,3.006423982869379,3.4183050847457626,12.877061855670103,2.8647573587907718,
4.065409546258103,2.869375907111756,3.3857142857142857,2.8854166666666665,44.61263195562712,
27.304147465437786,3.1390922401171304,11.708588957055214,3.1250797702616464,2.9042424242424243,
3.9780979827089338,3.1610017889087656,17.67308584686775,37.19145802650957,2.491392801251956,
16.071009076348105,2.7330827067669174,2.5933669790915643,30.40671273445212,2.901210962396431,
19.419160170983155,2.6532385466034754,29.022048364153626,11.260506798516687,4.922203293583191,
3.214584578601315,14.032186867757956,2.792038992688871,3.290909090909091,5.8407504363001745,
17.7314392924149,17.590666950777756,25.596334699782975,7.881147540983607,2.6251993620414673,
18.19513857337574,28.72000770267668,31.231573157315733,3.2417452830188678,18.311350059737155,
3.687083080654942,43.332691218130314,3.5139581256231307,3.0,2.997915218902015,
3.7442123094297006,7.133845661223183,3.2474437627811863,3.6952853598014888,2.608356940509915,
22.810116880628474,2.7963272120200333,2.6184210526315788,19.637042062415198,2.43652561247216,
24.092062341428054,2.547432550043516,3.022727272727273,24.338453319086415,2.699570815450644,
3.1976878612716764,14.532569046378322,24.255424063116372,37.34058550631899,2.514588859416446,
46.70565631724562,25.025519689031604,2.535483870967742,2.5513059701492535,2.8830334190231364,
37.5588828549263,2.9411434977578477,2.592060810810811,2.8762626262626263,2.9205823957643946,
23.24401913875598,3.897948717948718,2.710232158211522,24.643117593436646,3.057932850559579,
3.4991097922848664,27.102960102960104,2.6389891696750905,2.880969875091844,20.42936058555448,
2.5904255319148937,3.4700704225352115,3.3502824858757063,3.318343195266272,2.4873583260680037,
4.845491097070649,39.87398575923166,3.1178838412880965,3.772196261682243,3.497515968772179,
3.755511022044088,16.24419297200715,3.09260642270351,3.7671136203246296,2.633076923076923,
3.0653879686137753,21.579085539269308,3.1740181268882175,2.935595567867036,3.0283783783783784,
31.754232850410194,3.635014836795252,6.425883694412771,29.53857027463651,3.17603249830738,
3.348182883939039,2.657953696788648,13.234304034197168,21.690279734352988,20.322163161543795,
32.21249696085582,3.2832618025751072,2.7268041237113403,3.4060773480662982,2.6334072431633406,
4.656547349343,33.36944831706831,36.562181122448976,3.34688995215311,4.610704483074108,
15.373839009287925,3.065354884047786,23.30093577201191,3.4228890439637123,29.704496788008566,
42.15619576535925,32.265892079097306,2.9308700834326578,3.33392539964476,2.586206896551724,
11.424152681803225,36.42935847208619,3.0527426160337554,3.590486039296794,2.5236818588025023,
2.9612606697307946,36.168205904617714,2.5724508050089447,14.188566784069359,2.886013986013986,
3.0702113156100888,2.8332292317301686,2.6942965779467682,3.0552325581395348,2.6408,
7.682800751879699,24.544178513586466,9.224164366758663,3.166412213740458,2.639393939393939,
3.0034364261168385,2.784828592268417,2.9151857835218093,25.67629088295196,2.975665399239544,
3.5678336980306344,3.8065122103944895,40.72826953748007,3.0425855513307987,4.228651423238451,
43.71682201509099,2.862295081967213,3.705327675624705,2.616,30.924885321100916,
21.284179240969365,3.6211484593837535,2.8021739130434784,19.21184668989547,2.8218884120171674,
12.78730546231309,2.4443430656934306,10.617577197149643,2.6650383810188414,2.9691313711414216,
33.96724995986515,2.895553987297107,34.90668348045397,2.809154383242824,18.757121186583515,
3.8635,10.301008968609866,2.621307072515667,2.7534562211981566,27.258125915080527,
3.930564166150031,8.13818479149632,6.792332268370607,3.6004162330905305,14.185518731988473,
2.5428305400372437,2.5045948203842943,2.6974981046247155,18.523274806043283,39.500908430232556,
10.75731981981982,16.96219281663516,19.781512605042018,2.8208955223880596,34.82275633435946,
3.55875,13.655101339745793,2.6304713804713806,2.845949535192563,3.537531806615776,
21.54162812210916,3.4290155440414507,3.9271028037383178,4.102352941176471,2.5866441251056638,
25.827621835715515,45.487706243934,3.236689814814815,3.2976963969285293,34.41732128829536,
3.3752808988764045,2.662692847124825,2.590608950843727,2.549780380673499,3.2484914975315413,
