6.612021857923497,5.605882352941176,3.6344086021505375,2.764705882352941,3.953846153846154,
3.992248062015504,3.5384615384615383,2.546511627906977,2.7142857142857144,5.8203125,
1.9857142857142858,13.237442922374429,5.449664429530201,2.9155844155844157,2.7555555555555555,
5.2204724409448815,2.845528455284553,5.102857142857143,3.1865671641791047,2.1370967741935485,
2.5789473684210527,9.552147239263803,2.622950819672131,2.8529411764705883,3.9609375,
8.446428571428571,9.005917159763314,5.609467455621302,8.618705035971223,3.175,
11.67361111111111,2.4504504504504503,3.116279069767442,2.4555555555555557,3.6,
3.482269503546099,4.804597701149425,2.56,4.62,2.0,
2.3026315789473686,3.2954545454545454,2.50561797752809,3.5875,2.6582278481012658,
3.141891891891892,2.611940298507463,5.354037267080745,3.8115942028985508,2.5233644859813085,
3.4149659863945576,3.4135802469135803,3.15748031496063,4.277310924369748,14.239263803680982,
2.769230769230769,2.46875,2.158536585365854,5.615384615384615,5.5606060606060606,
5.573170731707317,3.222972972972973,2.35,4.017094017094017,4.424778761061947,
3.5631578947368423,12.169590643274853,2.8984375,4.698717948717949,4.472727272727273,
5.674757281553398,4.091666666666667,2.7815126050420167,3.1843971631205674,2.8131868131868134,
2.613861386138614,3.201492537313433,2.18348623853211,3.0892857142857144,2.5130434782608697,
7.774647887323944,5.47093023255814,4.2387096774193544,2.4128440366972477,2.697247706422018,
2.88659793814433,2.4958677685950414,2.25,11.910569105691057,2.935064935064935,
3.031496062992126,3.489051094890511,2.5865384615384617,2.4505494505494507,2.1923076923076925,
3.216666666666667,8.470873786407767,3.0802919708029197,4.753968253968254,6.871345029239766,
4.942028985507246,3.7610619469026547,10.881773399014778,2.1792452830188678,3.463855421686747,
4.708333333333333,3.38,5.2272727272727275,3.0103092783505154,4.18796992481203,
15.927272727272728,6.469798657718121,4.044444444444444,2.9918032786885247,4.313559322033898,
15.568181818181818,3.067901234567901,4.515789473684211,4.85792349726776,2.0,
2.486666666666667,3.36734693877551,4.091703056768559,4.871951219512195,2.984251968503937,
4.682926829268292,3.698529411764706,4.240259740259741,3.324074074074074,2.575221238938053,
3.255639097744361,2.9292035398230087,7.219101123595506,16.482758620689655,2.6315789473684212,
4.110294117647059,5.26797385620915,3.7063492063492065,3.3168316831683167,2.3979591836734695,
12.125,2.611764705882353,4.2781954887218046,3.381443298969072,2.9904761904761905,
2.992957746478873,4.672955974842767,3.064,3.048,2.602272727272727,
4.150326797385621,3.7803468208092488,3.712328767123288,2.8,4.104938271604938,
2.8513513513513513,2.230769230769231,4.381944444444445,3.857142857142857,4.057142857142857,
4.866666666666666,3.3219178082191783,5.219178082191781,2.9411764705882355,2.4193548387096775,
2.9495798319327733,5.33939393939394,3.4475524475524475,2.7357142857142858,6.663157894736842,
2.0476190476190474,2.845360824742268,2.235955056179775,3.082474226804124,2.2083333333333335,
3.2419354838709675,7.927710843373494,2.816666666666667,3.090909090909091,2.22972972972973,
6.291666666666667,3.376068376068376,3.4623655913978495,3.8823529411764706,2.424778761061947,
3.839622641509434,2.4272727272727272,2.1625,3.9482758620689653,10.006578947368421,
4.473214285714286,3.4464285714285716,2.704225352112676,4.597560975609756,2.9770992366412212,
4.567741935483871,4.767123287671233,2.8360655737704916,3.141843971631206,3.051851851851852,
7.553459119496855,5.3125,4.7368421052631575,2.2967032967032965,2.085714285714286,
3.2705882352941176,3.0297619047619047,3.073170731707317,5.828025477707007,5.017142857142857,
4.2387096774193544,5.064102564102564,2.4415584415584415,2.3834586466165413,3.4186046511627906,
4.2430939226519335,2.2135922330097086,4.826086956521739,3.3636363636363638,2.204081632653061,
2.507042253521127,2.576923076923077,2.7857142857142856,2.231707317073171,5.08421052631579,
3.888888888888889,2.380952380952381,4.318471337579618,3.018867924528302,2.3660714285714284,
4.363636363636363,2.8446601941747574,5.975728155339806,3.7464788732394365,4.135135135135135,
4.451086956521739,7.570652173913044,3.76056338028169,4.226519337016574,2.3384615384615386,
4.005025125628141,2.3,11.855813953488372,6.042253521126761,2.106382978723404,
4.446927374301676,2.8473282442748094,15.782383419689118,4.794520547945205,2.4375,
2.7203389830508473,3.193548387096774,3.556451612903226,3.108108108108108,4.1085714285714285,
3.4148936170212765,4.76,4.861313868613139,5.011904761904762,3.748427672955975,
2.188679245283019,4.630952380952381,3.301282051282051,2.946564885496183,3.282051282051282,
2.4299065420560746,6.223577235772358,5.427272727272728,2.7094972067039107,7.323529411764706,
3.4556962025316458,2.753086419753086,3.688679245283019,4.943181818181818,9.933673469387756,
2.6159420289855073,2.6906474820143886,2.7251908396946565,2.697674418604651,4.881944444444445,
5.023255813953488,2.76,2.7,6.582089552238806,4.011363636363637,
6.041176470588235,4.5,2.711340206185567,4.081196581196581,4.527027027027027,
1.9605263157894737,3.63302752293578,6.344827586206897,2.9310344827586206,5.572649572649572,
3.453781512605042,5.486486486486487,2.4625,2.8076923076923075,2.3797468354430378,
2.673758865248227,4.421052631578948,3.235294117647059,2.7524752475247523,5.22289156626506,
2.1358024691358026,2.5569620253164556,3.830601092896175,2.090909090909091,2.3513513513513513,
5.577142857142857,3.568862275449102,3.5597014925373136,3.0142857142857142,5.545454545454546,
3.2972972972972974,4.591549295774648,4.7899159663865545,3.354330708661417,2.6145833333333335,
3.056,4.914634146341464,4.223021582733813,3.4726027397260273,4.417391304347826,
4.468208092485549,7.095808383233533,3.015625,2.6982758620689653,6.232394366197183,
2.5090909090909093,3.1015625,2.982456140350877,6.444444444444445,2.2790697674418605,
2.8640776699029127,10.049382716049383,2.7697368421052633,3.9357142857142855,2.7163120567375887,
2.6751592356687897,2.627737226277372,5.567073170731708,4.60427807486631,2.7746478873239435,
5.968181818181818,5.49438202247191,13.220149253731343,5.11864406779661,6.233333333333333,
3.8156028368794326,2.4725274725274726,2.2095238095238097,5.3544303797468356,3.175,
10.207100591715976,2.265625,3.247422680412371,5.413333333333333,2.670103092783505,
2.1343283582089554,8.018987341772151,3.4017857142857144,3.4583333333333335,1.9264705882352942,
17.20812182741117,2.699421965317919,3.08955223880597,8.708542713567839,2.9722222222222223,
3.033613445378151,2.8068181818181817,2.896551724137931,7.337837837837838,2.811320754716981,
1.964705882352941,2.1710526315789473,4.3841807909604515,3.991304347826087,2.6,
2.7086614173228347,2.2,4.296511627906977,2.5625,3.7872340425531914,
2.8289473684210527,9.448648648648648,3.2465753424657535,2.488888888888889,3.375886524822695,
3.744565217391304,5.464285714285714,2.6724137931034484,5.664335664335664,10.819277108433734,
7.710344827586207,4.32183908045977,2.609090909090909,10.05,2.912280701754386,
3.5828571428571427,4.057591623036649,3.424083769633508,3.2023809523809526,3.3076923076923075,
3.161290322580645,5.213592233009709,9.926605504587156,2.2528735632183907,2.5443037974683542,
3.963636363636364,3.409937888198758,2.78,6.181818181818182,4.346938775510204,
5.120967741935484,2.791304347826087,4.251908396946565,2.212121212121212,2.419047619047619,
10.64319248826291,3.188976377952756,4.209677419354839,2.5514018691588785,4.61139896373057,
2.796116504854369,4.550561797752809,2.013333333333333,2.4383561643835616,5.009708737864078,
2.56,4.102941176470588,2.2718446601941746,2.950980392156863,5.757009345794392,
4.953703703703703,4.314814814814815,5.495238095238095,2.1666666666666665,3.641509433962264,
4.201388888888889,4.115942028985507,3.857142857142857,4.167741935483871,4.095505617977528,
2.52,2.3789473684210525,2.2564102564102564,7.148148148148148,3.4545454545454546,
3.0144927536231885,3.546666666666667,2.757142857142857,3.1451612903225805,2.482456140350877,
3.376068376068376,4.401069518716578,2.7711864406779663,6.476744186046512,5.202020202020202,
7.371794871794871,4.590909090909091,3.2453703703703702,4.594405594405594,3.419753086419753,
2.289473684210526,3.5174825174825175,3.091743119266055,2.146067415730337,8.205128205128204,
5.116022099447513,4.214285714285714,2.5125,8.595890410958905,5.924050632911392,
2.5714285714285716,2.5985915492957745,4.354838709677419,2.7837837837837838,4.850828729281768,
3.8175182481751824,5.678832116788321,3.0472972972972974,6.368421052631579,2.888059701492537,
2.6180555555555554,2.4274193548387095,4.0,2.4939759036144578,3.4714285714285715,
3.4516129032258065,2.88,3.9554140127388533,2.7065217391304346,3.145985401459854,
3.25,6.8274111675126905,4.119047619047619,2.963963963963964,2.950413223140496,
2.9655172413793105,7.719457013574661,2.125,3.6646341463414633,3.1699346405228757,
1.9054054054054055,2.3658536585365852,2.566666666666667,3.7784431137724552,7.75,
4.101123595505618,5.624203821656051,6.09433962264151,5.708609271523179,6.842931937172775,
4.828571428571428,2.550561797752809,5.017699115044247,3.6341463414634148,4.267326732673268,
4.3509933774834435,7.071428571428571,6.406417112299465,3.5135135135135136,2.856060606060606,
5.197604790419161,3.8580246913580245,2.4491525423728815,5.966887417218543,3.021276595744681,
3.9857142857142858,12.674285714285714,3.6923076923076925,3.2685185185185186,2.102803738317757,
3.75,3.606060606060606,2.5267175572519083,2.900763358778626,3.341463414634146,
12.822966507177034,3.9240506329113924,2.336734693877551,2.711864406779661,2.7818181818181817,
3.1693548387096775,11.529032258064516,2.2873563218390807,11.62874251497006,7.755395683453237,
2.965034965034965,2.7152777777777777,3.502994011976048,3.2771084337349397,11.237442922374429,
6.404545454545454,3.283333333333333,2.8384615384615386,2.880434782608696,2.739130434782609,
8.277372262773723,4.978260869565218,5.11578947368421,2.4913793103448274,2.803738317757009,
2.3375,3.627906976744186,8.926174496644295,2.5308641975308643,5.255681818181818,
2.5208333333333335,2.7358490566037736,5.126666666666667,4.201117318435754,2.62,
2.414814814814815,4.679611650485437,2.493150684931507,2.5217391304347827,2.9649122807017543,
5.3517241379310345,3.2283464566929134,3.6466165413533833,5.238095238095238,5.048780487804878,
2.6186440677966103,3.6206896551724137,2.883720930232558,14.485207100591715,2.358974358974359,
2.347107438016529,10.197860962566844,4.9071428571428575,3.6527777777777777,8.08187134502924,
2.3783783783783785,3.0229007633587788,5.666666666666667,4.020833333333333,2.5597014925373136,
3.932098765432099,3.696969696969697,4.586956521739131,3.894230769230769,3.344,
3.68,3.113095238095238,6.792899408284024,2.264705882352941,2.9783783783783786,
4.605263157894737,4.862068965517241,2.034090909090909,3.5714285714285716,3.4471544715447155,
9.531791907514451,4.027972027972028,4.07563025210084,2.984126984126984,5.117647058823529,
2.856164383561644,4.6231884057971016,3.203252032520325,3.1956521739130435,2.1842105263157894,
3.981651376146789,4.284722222222222,2.3380281690140845,4.30827067669173,3.2903225806451615,
3.423076923076923,7.294797687861272,8.616666666666667,3.2764227642276422,3.3904109589041096,
5.072398190045249,2.5170068027210886,2.6545454545454548,3.1761363636363638,4.96,
2.134020618556701,2.4025974025974026,2.566666666666667,2.696078431372549,2.1923076923076925,
2.010989010989011,2.880503144654088,2.4285714285714284,2.0272727272727273,5.236486486486487,
3.1052631578947367,2.669811320754717,4.028901734104046,4.546875,2.9038461538461537,
3.2783505154639174,3.0365853658536586,2.5531914893617023,2.3544303797468356,6.706293706293707,
2.625,3.3741007194244603,2.877049180327869,2.5728155339805827,7.62015503875969,
3.5785123966942147,4.442477876106195,2.962121212121212,3.1474358974358974,2.981818181818182,
2.3727272727272726,2.761904761904762,3.6792452830188678,7.375796178343949,2.3333333333333335,
4.6347826086956525,2.1884057971014492,2.6847826086956523,4.4605263157894735,2.0434782608695654,
2.7280701754385963,2.53,2.9612403100775193,5.359550561797753,4.530769230769231,
2.207792207792208,2.5526315789473686,2.896,5.788321167883212,4.032894736842105,
7.948717948717949,5.576470588235294,4.00763358778626,2.41,4.924444444444444,
2.1363636363636362,7.228346456692913,3.1319444444444446,2.368,3.510204081632653,
2.716535433070866,2.3333333333333335,3.563380281690141,4.0131578947368425,3.0631578947368423,
2.3508771929824563,3.2,2.888059701492537,4.5508474576271185,2.5846153846153848,
3.051851851851852,2.432098765432099,2.611111111111111,2.3658536585365852,2.4444444444444446,
4.439024390243903,3.5196850393700787,5.134146341463414,2.2903225806451615,3.464,
2.44954128440367,5.264462809917355,3.6601307189542482,4.241666666666666,2.707482993197279,
3.6315789473684212,3.9044117647058822,4.282442748091603,4.884848484848485,8.52,
8.12295081967213,3.5483870967741935,6.844827586206897,3.1296296296296298,5.543010752688172,
3.0085470085470085,2.7032967032967035,4.0,1.9857142857142858,3.129032258064516,
2.971014492753623,2.8714285714285714,4.253623188405797,2.3440860215053765,4.59433962264151,
3.2261904761904763,2.1538461538461537,3.324561403508772,2.736842105263158,4.179856115107913,
3.699248120300752,8.277173913043478,5.726315789473684,3.946308724832215,2.5876288659793816,
3.0,4.546099290780142,3.8716216216216215,2.873015873015873,9.7125748502994,
2.2658227848101267,2.3,22.17241379310345,2.3563218390804597,2.658119658119658,
2.976470588235294,6.058333333333334,6.954081632653061,2.690909090909091,8.655405405405405,
3.198529411764706,3.02027027027027,10.685082872928177,3.1666666666666665,7.701030927835052,
9.647798742138365,2.330188679245283,3.5714285714285716,6.891752577319588,1.9866666666666666,
2.358974358974359,3.878504672897196,7.424657534246576,3.6785714285714284,2.9101123595505616,
11.878378378378379,2.588235294117647,2.566666666666667,2.6021505376344085,3.389473684210526,
2.3162393162393164,5.107784431137724,2.2523364485981308,3.2564102564102564,2.4507042253521125,
3.1160714285714284,4.461077844311378,3.1531531531531534,3.035211267605634,2.41025641025641,
7.2430939226519335,3.810810810810811,2.533333333333333,2.4304635761589406,2.8025477707006368,
2.754491017964072,5.863636363636363,2.8756218905472637,2.562913907284768,3.707865168539326,
6.292237442922374,2.485074626865672,16.738775510204082,2.764705882352941,3.032258064516129,
5.447852760736196,8.475806451612904,1.8734177215189873,2.756521739130435,4.084033613445378,
3.1775147928994083,3.5661764705882355,2.484126984126984,2.2551020408163267,4.10655737704918,
2.941860465116279,3.742574257425743,5.033898305084746,8.061946902654867,5.105769230769231,
4.2,2.723076923076923,3.0098039215686274,3.8641975308641974,2.307017543859649,
4.006666666666667,3.131868131868132,3.0728476821192054,2.4545454545454546,5.975155279503106,
8.113475177304965,7.613793103448276,7.153846153846154,3.519083969465649,13.523809523809524,
2.5,2.806451612903226,6.762376237623762,2.263157894736842,4.061224489795919,
4.815789473684211,7.983606557377049,2.6769230769230767,4.271186440677966,2.0,
2.3125,2.9193548387096775,3.098901098901099,3.4466019417475726,2.686868686868687,
3.6241610738255035,2.5703703703703704,4.392307692307693,6.570754716981132,2.609090909090909,
6.521472392638037,3.9798657718120807,2.7421875,2.8492063492063493,5.615384615384615,
3.338235294117647,3.5935483870967744,2.275,4.1440677966101696,3.0763358778625953,
4.068376068376068,2.752808988764045,10.144827586206896,2.8433734939759034,7.9375,
4.632075471698113,12.84433962264151,2.6605504587155964,4.242424242424242,4.252525252525253,
3.761904761904762,3.1666666666666665,3.1911764705882355,3.5309734513274336,3.823529411764706,
3.7650602409638556,6.969162995594714,7.211864406779661,5.644230769230769,4.266666666666667,
2.6573426573426575,6.677777777777778,2.7818181818181817,11.462585034013605,4.743016759776537,
2.4646464646464645,2.263157894736842,2.7710843373493974,1.9444444444444444,2.4957264957264957,
2.5925925925925926,2.4732142857142856,2.327272727272727,2.59,3.8194444444444446,
2.2242990654205608,2.7,3.2890625,25.502923976608187,2.675,
2.9887640449438204,3.047169811320755,10.0,2.2903225806451615,4.621212121212121,
3.4204545454545454,2.708955223880597,2.6690647482014387,5.451127819548872,2.5714285714285716,
4.269230769230769,4.541436464088398,3.276595744680851,8.164948453608247,3.896,
2.3294117647058825,3.7153846153846155,2.5392156862745097,4.548672566371682,3.3422818791946307,
6.4523809523809526,2.41726618705036,2.5153846153846153,2.962025316455696,3.936619718309859,
14.45320197044335,4.313432835820896,6.645669291338582,7.458149779735683,2.022222222222222,
4.020408163265306,2.44,3.460227272727273,7.8,4.239130434782608,
3.1973684210526314,3.0384615384615383,10.612244897959183,4.554945054945055,7.478260869565218,
7.216049382716049,6.716216216216216,3.3473053892215567,4.07051282051282,2.6875,
2.8253968253968256,2.6097560975609757,3.189189189189189,3.5762711864406778,3.4,
2.7916666666666665,3.377049180327869,7.221374045801527,2.353846153846154,8.073529411764707,
2.033707865168539,2.0217391304347827,3.2542372881355934,2.42,10.2,
4.082644628099174,2.8780487804878048,7.529411764705882,2.1160714285714284,2.018181818181818,
3.090452261306533,3.1215469613259668,2.857142857142857,2.946524064171123,2.6408839779005526,
2.568421052631579,4.354838709677419,4.649746192893401,6.334801762114537,3.427536231884058,
5.510791366906475,2.225,3.8129032258064517,1.99009900990099,2.1875,
2.871287128712871,6.564935064935065,4.0,3.1323529411764706,6.578947368421052,
3.4478527607361964,2.787037037037037,6.100558659217877,2.9819277108433737,5.684210526315789,
2.6,3.96875,3.7761194029850746,2.5844155844155843,2.1884057971014492,
2.1979166666666665,2.8828828828828827,5.340740740740741,2.021505376344086,4.0852713178294575,
2.4343434343434343,4.857142857142857,5.067961165048544,4.823008849557522,4.317073170731708,
3.198581560283688,3.7777777777777777,3.510948905109489,2.440944881889764,3.8016528925619837,
5.149659863945578,5.135338345864661,2.747826086956522,2.4135338345864663,2.9262295081967213,
3.7027027027027026,3.0285714285714285,4.9813664596273295,5.561224489795919,6.014851485148514,
3.380952380952381,2.5700934579439254,4.8984375,2.5157894736842104,2.6666666666666665,
5.052173913043478,2.45,3.5307692307692307,4.825688073394495,4.0,
8.3375,3.375,2.9838709677419355,2.4923076923076923,3.315151515151515,
6.620689655172414,2.26027397260274,3.1686746987951806,2.865979381443299,2.073170731707317,
2.5185185185185186,2.3191489361702127,2.8698630136986303,2.280701754385965,7.034682080924855,
2.757575757575758,2.4881889763779528,2.745222929936306,24.86610878661088,3.0846153846153848,
3.206611570247934,3.5757575757575757,2.164383561643836,3.903030303030303,2.6666666666666665,
3.308411214953271,6.0,3.0491803278688523,2.544642857142857,2.6542056074766354,
3.112,2.962025316455696,4.040816326530612,4.463414634146342,3.5565217391304347,
5.110236220472441,3.9603960396039604,7.351758793969849,5.991666666666666,9.784431137724551,
11.12,2.313953488372093,1.924731182795699,3.509259259259259,8.46376811594203,
2.7286821705426356,3.3225806451612905,9.083769633507853,2.90625,4.4,
3.9885057471264367,2.891891891891892,7.766423357664234,3.2868217054263567,3.795918367346939,
3.940119760479042,8.446969696969697,2.522222222222222,3.612403100775194,3.6964285714285716,
6.492537313432836,2.6785714285714284,2.356521739130435,3.689922480620155,4.839285714285714,
13.02547770700637,3.410958904109589,6.870503597122302,5.408071748878924,2.5,
2.0259740259740258,3.1478260869565218,5.155963302752293,3.391304347826087,2.2616822429906542,
6.357142857142857,2.4680851063829787,2.830508474576271,2.734375,3.18,
2.1272727272727274,2.2941176470588234,3.529850746268657,3.0076923076923077,3.2616822429906542,
4.616766467065868,3.287878787878788,2.869565217391304,3.857142857142857,3.7552447552447554,
2.267175572519084,16.993031358885016,3.638418079096045,4.4411764705882355,8.158995815899582,
5.5773809523809526,6.683229813664596,5.982857142857143,3.4390243902439024,3.1272727272727274,
2.6228070175438596,2.664429530201342,3.860294117647059,6.164285714285715,3.1885245901639343,
3.1818181818181817,9.832402234636872,3.533333333333333,4.375722543352601,6.562130177514793,
2.290909090909091,7.879227053140097,2.611111111111111,8.727810650887575,7.803370786516854,
2.2612612612612613,2.4130434782608696,3.8625,2.216494845360825,4.490066225165563,
2.4015748031496065,3.643312101910828,4.031847133757962,8.645,7.691244239631336,
2.1739130434782608,2.941860465116279,2.1604938271604937,4.411214953271028,7.67515923566879,
3.5533333333333332,9.793548387096774,2.3063063063063063,2.7457627118644066,4.0828402366863905,
2.5524475524475525,3.2686567164179103,3.464788732394366,5.55614973262032,3.6319444444444446,
2.7184466019417477,2.2527472527472527,2.367088607594937,2.835294117647059,7.914529914529915,
2.5904761904761906,4.177914110429448,2.9583333333333335,4.0078740157480315,5.726666666666667,
2.8515625,7.070921985815603,7.248803827751196,3.15,8.283236994219653,
3.835526315789474,2.383177570093458,2.2410714285714284,5.126865671641791,3.839622641509434,
2.8347826086956522,3.79136690647482,2.6222222222222222,3.0,2.3058823529411763,
4.630434782608695,8.45,2.9271523178807946,3.2598425196850394,2.8597560975609757,
2.3793103448275863,2.2409638554216866,3.3181818181818183,4.275,3.393258426966292,
3.135135135135135,2.7596153846153846,4.854838709677419,2.635514018691589,2.522222222222222,
2.1931818181818183,3.4615384615384617,2.515151515151515,7.36734693877551,4.258241758241758,
4.592,3.237410071942446,5.232258064516129,3.489655172413793,2.1341463414634148,
2.4014598540145986,4.864864864864865,3.3260869565217392,2.663716814159292,8.221556886227544,
3.359550561797753,2.618556701030928,3.9239130434782608,2.7549019607843137,3.4871794871794872,
14.911627906976744,4.4485981308411215,2.183333333333333,2.2439024390243905,11.523584905660377,
3.3728813559322033,2.7127659574468086,4.292035398230088,1.84375,2.7876106194690267,
3.0943396226415096,4.870229007633588,2.118279569892473,2.414814814814815,6.08843537414966,
13.412698412698413,5.496774193548387,4.050279329608938,6.824120603015075,4.0,
5.706214689265536,3.9273743016759775,3.223021582733813,2.6160714285714284,2.4,
2.440944881889764,9.385093167701863,4.69364161849711,21.04,8.634408602150538,
4.557251908396947,2.3333333333333335,4.796747967479675,3.704081632653061,2.5929203539823007,
2.3777777777777778,2.381818181818182,3.7484662576687118,2.663265306122449,3.518181818181818,
2.875,3.1043478260869564,5.38728323699422,3.45679012345679,4.037313432835821,
3.19375,2.5533333333333332,3.076923076923077,4.561904761904762,2.890909090909091,
3.0078125,8.70748299319728,2.9844961240310077,2.5491803278688523,2.3106796116504853,
2.6810344827586206,5.678082191780822,4.064,3.5172413793103448,2.3555555555555556,
2.049382716049383,4.761363636363637,8.387096774193548,6.729508196721311,2.390625,
2.5779816513761467,3.014705882352941,3.456953642384106,2.814814814814815,2.2395833333333335,
1.7777777777777777,8.930555555555555,3.0703125,10.477707006369426,2.0416666666666665,
3.3625,6.552941176470588,2.272727272727273,4.696551724137931,3.475177304964539,
3.2459016393442623,4.012269938650307,2.738255033557047,2.225806451612903,3.1548387096774193,
2.3333333333333335,11.720588235294118,2.3020833333333335,2.204081632653061,2.4563106796116503,
5.157894736842105,4.846153846153846,2.9814814814814814,3.062111801242236,4.217687074829932,
5.254777070063694,3.063953488372093,2.2956521739130435,4.401709401709402,2.3873873873873874,
3.045112781954887,2.4461538461538463,6.10625,3.9316239316239314,3.0955882352941178,
2.8735632183908044,2.893617021276596,3.1782178217821784,4.15,2.603448275862069,
2.0104166666666665,1.8656716417910448,3.219298245614035,2.45,3.4508196721311477,
6.062992125984252,4.09375,5.566371681415929,2.1944444444444446,4.887218045112782,
2.3333333333333335,3.588888888888889,2.867088607594937,6.903030303030303,2.3115942028985508,
5.507575757575758,2.9411764705882355,5.937007874015748,5.207729468599034,3.2758620689655173,
3.8055555555555554,4.8545454545454545,3.256,7.708185053380783,3.661290322580645,
3.163265306122449,2.891566265060241,3.27807486631016,3.8223684210526314,3.2578947368421054,
7.384615384615385,4.368131868131868,3.154696132596685,3.7037037037037037,4.146464646464646,
2.3297872340425534,3.7830687830687832,3.4607843137254903,4.5055555555555555,2.634920634920635,
3.2422360248447206,1.9333333333333333,2.3737373737373737,5.967320261437909,2.7787610619469025,
3.0792079207920793,2.644230769230769,3.3066666666666666,3.453846153846154,6.626016260162602,
4.0578512396694215,8.365853658536585,3.6808510638297873,4.55,3.5702479338842976,
3.751552795031056,5.043956043956044,12.398373983739837,7.0625,3.6858974358974357,
3.6766917293233083,1.6341463414634145,3.7552447552447554,13.25,2.1333333333333333,
5.006802721088436,3.1052631578947367,7.093023255813954,3.689873417721519,6.80503144654088,
3.4615384615384617,6.10655737704918,2.431578947368421,2.265957446808511,2.7448979591836733,
5.267716535433071,3.9662162162162162,2.5576923076923075,6.17741935483871,4.144444444444445,
1.9565217391304348,7.041666666666667,6.3277777777777775,3.2383177570093458,2.7012987012987013,
5.350364963503649,2.4715447154471546,2.6,2.489130434782609,3.624,
7.613526570048309,2.8322147651006713,4.238317757009346,6.198795180722891,2.803030303030303,
3.69,2.47008547008547,2.556701030927835,17.14485981308411,23.13768115942029,
3.1857142857142855,3.3401360544217686,3.1203007518796992,2.088607594936709,2.9523809523809526,
3.734513274336283,3.1506849315068495,5.295857988165681,7.588235294117647,5.437956204379562,
8.033333333333333,2.683673469387755,3.22,9.33093525179856,3.045045045045045,
2.330578512396694,5.2272727272727275,6.482758620689655,5.982954545454546,2.625,
2.948905109489051,2.6120689655172415,3.4189944134078214,3.3956834532374103,3.3333333333333335,
3.2363636363636363,4.203252032520325,7.272108843537415,3.160919540229885,2.8411214953271027,
3.208053691275168,2.4,3.864864864864865,2.5288461538461537,3.9691358024691357,
2.6770833333333335,2.6027397260273974,2.319327731092437,5.869767441860465,4.766169154228856,
3.4018691588785046,3.588785046728972,2.638888888888889,5.754716981132075,2.836734693877551,
2.431578947368421,8.34108527131783,2.3529411764705883,2.956140350877193,3.5754716981132075,
4.024390243902439,9.08296943231441,6.815384615384615,4.2707182320441985,2.673611111111111,
2.811023622047244,6.007518796992481,3.246031746031746,2.5876288659793816,3.1311475409836067,
23.264808362369337,2.7982456140350878,3.7746478873239435,2.2745098039215685,2.196078431372549,
5.89,2.9740259740259742,7.169354838709677,2.761467889908257,2.61,
3.4676258992805757,2.5416666666666665,4.75625,3.8846153846153846,2.8768115942028984,
8.775862068965518,2.408333333333333,6.819548872180451,2.125,2.495049504950495,
1.991150442477876,2.594059405940594,9.764285714285714,3.2666666666666666,5.162790697674419,
2.736842105263158,4.072368421052632,3.2869565217391306,4.0184049079754605,6.012578616352202,
2.9238095238095236,4.795454545454546,3.7,4.886956521739131,3.5901639344262297,
2.3363636363636364,4.747126436781609,8.28125,3.870967741935484,2.9320388349514563,
4.156716417910448,5.260416666666667,3.0155038759689923,2.439189189189189,4.94475138121547,
3.2721518987341773,5.024844720496894,1.93,3.0531914893617023,4.496688741721854,
18.83189655172414,3.1052631578947367,3.1868131868131866,2.765957446808511,2.253623188405797,
2.2213740458015265,2.1052631578947367,2.278688524590164,3.382978723404255,3.0596026490066226,
4.5271317829457365,3.7785714285714285,4.177215189873418,2.3636363636363638,2.128205128205128,
2.617021276595745,2.4871794871794872,3.3865546218487395,6.059113300492611,2.793388429752066,
3.4788732394366195,3.0719424460431655,3.4685314685314683,2.847682119205298,3.9702380952380953,
4.610062893081761,2.28125,2.3333333333333335,2.6129032258064515,3.130434782608696,
2.1707317073170733,2.2098765432098766,6.827868852459017,3.0833333333333335,7.048543689320389,
4.566929133858268,3.8895705521472395,4.745945945945946,2.260869565217391,8.584615384615384,
3.1386138613861387,2.72,13.367647058823529,2.4482758620689653,20.93362831858407,
4.557046979865772,2.4330708661417324,3.6,2.456692913385827,2.9097222222222223,
7.528925619834711,6.1330049261083746,3.8736263736263736,2.4444444444444446,3.015625,
2.3292682926829267,4.493827160493828,2.7423312883435584,4.25,2.9606299212598426,
3.300751879699248,5.637931034482759,2.1025641025641026,5.552763819095477,39.45255474452555,
2.7606837606837606,5.899497487437186,5.271317829457364,4.7304964539007095,4.453125,
4.030612244897959,3.71900826446281,4.207207207207207,9.850574712643677,9.021621621621621,
2.6610169491525424,2.1621621621621623,2.6907216494845363,2.484375,8.227941176470589,
3.2420382165605095,2.3857142857142857,4.8320610687022905,3.890909090909091,2.2470588235294118,
2.293103448275862,7.030674846625767,4.543478260869565,2.7126436781609193,3.477064220183486,
7.620111731843576,3.3020833333333335,6.440860215053763,5.0588235294117645,2.7197452229299364,
4.481481481481482,4.201754385964913,3.316546762589928,2.921985815602837,3.8380281690140845,
2.5166666666666666,3.3333333333333335,6.5,5.7421383647798745,2.7714285714285714,
2.802469135802469,2.601449275362319,6.454545454545454,3.4496644295302015,4.37888198757764,
3.022727272727273,6.847058823529411,4.850746268656716,3.316326530612245,5.201612903225806,
3.5419847328244276,2.6576576576576576,3.5714285714285716,3.4452054794520546,4.806629834254144,
3.0309278350515463,2.4456521739130435,3.4144144144144146,4.359649122807017,5.08641975308642,
3.2666666666666666,5.123893805309734,6.543010752688172,4.344,2.5494505494505493,
2.75,2.1196581196581197,3.2356687898089174,2.840909090909091,2.8333333333333335,
2.542372881355932,3.1447368421052633,4.9298245614035086,2.947019867549669,4.628099173553719,
2.552941176470588,2.864406779661017,2.691891891891892,2.7719298245614037,2.7861635220125787,
7.549222797927461,3.6271186440677967,2.40625,6.547058823529412,5.412698412698413,
3.23125,3.8840579710144927,3.093220338983051,4.099378881987578,28.572580645161292,
2.6206896551724137,2.149532710280374,4.437086092715232,2.568421052631579,4.789115646258503,
2.80672268907563,2.5670103092783507,5.078313253012048,2.958041958041958,2.264367816091954,
3.015625,2.813953488372093,3.112676056338028,2.0689655172413794,2.0754716981132075,
3.1901840490797544,4.0130718954248366,2.904191616766467,2.272727272727273,2.572519083969466,
4.0,2.8434782608695652,4.20353982300885,2.3947368421052633,4.145985401459854,
6.529411764705882,15.44927536231884,2.9813084112149535,3.7016129032258065,5.088,
2.380952380952381,5.827586206896552,3.2222222222222223,2.0833333333333335,8.210526315789474,
5.726256983240224,7.5519480519480515,18.214285714285715,2.0,3.6463414634146343,
2.067415730337079,2.6484375,2.4424778761061945,2.3493975903614457,2.2739726027397262,
2.293103448275862,2.760869565217391,5.102459016393443,3.858974358974359,7.028368794326241,
3.2903225806451615,3.6375,6.622857142857143,6.331967213114754,3.1666666666666665,
3.45,3.729032258064516,3.122137404580153,3.1159420289855073,3.037037037037037,
2.668965517241379,2.3263157894736843,2.4596774193548385,2.3026315789473686,1.7974683544303798,
7.385185185185185,11.4304932735426,10.15748031496063,3.54320987654321,5.297142857142857,
5.265486725663717,6.015873015873016,6.466666666666667,3.156716417910448,5.4,
3.5641025641025643,2.801526717557252,7.621621621621622,2.737704918032787,4.391025641025641,
6.0828402366863905,2.3255813953488373,3.0082644628099175,3.908333333333333,5.142857142857143,
9.238578680203046,8.459893048128341,4.018867924528302,12.114754098360656,4.356756756756757,
3.912,16.763975155279503,4.035714285714286,4.486111111111111,2.7866666666666666,
2.4166666666666665,3.5497076023391814,4.478260869565218,2.8661417322834644,5.895604395604396,
3.3867924528301887,3.252173913043478,3.8421052631578947,4.713235294117647,2.5739130434782607,
3.1761363636363638,2.5,3.696774193548387,2.965034965034965,8.03921568627451,
4.333333333333333,3.589403973509934,4.055555555555555,15.464114832535886,3.236111111111111,
5.187134502923977,2.2135922330097086,2.6818181818181817,2.8818897637795278,2.4518072289156625,
2.218390804597701,1.9795918367346939,9.09016393442623,9.36021505376344,2.56140350877193,
3.35,5.277456647398844,4.166666666666667,2.624,4.7023809523809526,
3.0,2.951219512195122,3.3859649122807016,2.4489795918367347,6.094890510948905,
2.7012987012987013,3.0105263157894737,4.792792792792793,2.25974025974026,5.755813953488372,
2.2906976744186047,3.517857142857143,3.342857142857143,6.273291925465839,10.076190476190476,
2.05607476635514,2.552,2.343137254901961,4.686746987951807,2.980769230769231,
2.5037593984962405,4.184357541899441,2.7905759162303663,2.6601307189542482,3.141304347826087,
3.2457627118644066,2.456896551724138,4.1525423728813555,2.3255813953488373,6.2727272727272725,
2.8666666666666667,3.1769911504424777,3.5248618784530388,2.6792452830188678,4.213872832369942,
2.9444444444444446,9.554913294797688,10.81675392670157,2.970873786407767,5.2387096774193544,
5.048543689320389,2.6979166666666665,3.5851063829787235,2.761904761904762,2.108695652173913,
3.172932330827068,4.0508474576271185,3.121739130434783,3.6165413533834587,7.125,
3.4,10.464788732394366,1.9529411764705882,2.6206896551724137,10.172413793103448,
2.2054794520547945,4.512820512820513,2.7966101694915255,2.625,5.627272727272727,
3.16260162601626,2.7524752475247523,3.814432989690722,1.8588235294117648,4.04054054054054,
2.97,7.14,2.1923076923076925,5.53921568627451,2.490566037735849,
2.6455696202531644,2.314814814814815,5.019736842105263,2.2934782608695654,10.72636815920398,
3.212328767123288,2.536082474226804,11.392045454545455,4.672,13.741116751269036,
7.417021276595745,11.384976525821596,3.2088607594936707,2.911764705882353,7.931818181818182,
2.887323943661972,3.256544502617801,3.7771084337349397,2.9295774647887325,3.9623655913978495,
5.836065573770492,6.615384615384615,2.4347826086956523,3.3737373737373737,3.433628318584071,
2.841463414634146,2.097560975609756,4.441441441441442,3.282608695652174,2.769230769230769,
3.3008130081300813,3.951388888888889,2.2903225806451615,2.834862385321101,4.098159509202454,
5.380681818181818,2.292307692307692,2.1,7.10625,8.510373443983402,
2.6031746031746033,3.9318181818181817,4.951351351351351,2.7457627118644066,7.956043956043956,
4.5528455284552845,2.073170731707317,7.773255813953488,4.75,6.4,
4.105263157894737,4.775193798449612,3.8175182481751824,2.5371900826446283,2.4329896907216493,
3.235955056179775,2.2903225806451615,2.5664335664335662,7.116591928251121,2.253623188405797,
4.042016806722689,3.5467625899280577,5.611111111111111,4.53475935828877,2.8863636363636362,
2.6372549019607843,2.9523809523809526,2.550387596899225,5.325,3.409090909090909,
6.24793388429752,3.0784313725490198,2.7681159420289854,2.2823529411764705,3.2738853503184715,
3.2719298245614037,2.52,1.9390243902439024,4.921052631578948,2.619047619047619,
3.0530973451327434,2.451219512195122,2.182795698924731,2.7196969696969697,5.761627906976744,
7.260869565217392,4.65,2.411764705882353,3.088235294117647,4.473118279569892,
3.330578512396694,2.9391304347826086,2.7472527472527473,2.0,2.3979591836734695,
2.0952380952380953,1.9102564102564104,2.465909090909091,2.944954128440367,3.764705882352941,
3.883248730964467,4.7967032967032965,2.0695652173913044,2.167883211678832,5.5625,
2.5073529411764706,2.6821192052980134,4.901315789473684,2.581081081081081,8.202380952380953,
3.1925465838509317,7.105820105820106,5.345588235294118,3.4029850746268657,3.028169014084507,
3.950413223140496,3.129496402877698,2.6956521739130435,3.5869565217391304,3.92,
3.9130434782608696,2.95,3.4479166666666665,4.67741935483871,2.689655172413793,
2.5304347826086957,3.1646341463414633,2.980392156862745,2.5579710144927534,3.1751824817518246,
2.1690140845070425,5.313131313131313,2.16,2.267716535433071,2.3759398496240602,
2.135135135135135,2.4,2.711267605633803,8.559139784946236,3.228395061728395,
2.9583333333333335,4.083333333333333,3.8,2.991228070175439,2.671641791044776,
1.8860759493670887,2.446969696969697,2.697841726618705,3.1724137931034484,3.8854166666666665,
2.24468085106383,4.628378378378378,7.156521739130435,4.290780141843972,2.6638655462184873,
2.7194244604316546,5.295336787564767,4.526315789473684,4.712707182320442,3.843137254901961,
1.9411764705882353,1.9696969696969697,5.474074074074074,2.6986301369863015,2.5053763440860215,
2.215909090909091,2.642857142857143,2.628099173553719,2.8867924528301887,3.5906040268456376,
5.5773809523809526,4.855769230769231,2.4424778761061945,3.4571428571428573,3.188888888888889,
2.9084967320261437,4.087628865979381,8.709090909090909,17.070247933884296,6.542105263157895,
4.453333333333333,2.980769230769231,2.159090909090909,4.6875,2.4285714285714284,
1.9850746268656716,2.2933333333333334,10.278350515463918,7.298076923076923,5.358208955223881,
3.9761904761904763,7.156521739130435,3.9846153846153847,5.676470588235294,2.52212389380531,
4.759433962264151,3.4453125,2.3275862068965516,4.460992907801418,3.6192893401015227,
6.590604026845638,5.140625,2.8536585365853657,4.7593984962406015,4.40952380952381,
4.91588785046729,3.072463768115942,10.2991452991453,2.642857142857143,3.2735042735042734,
3.0,11.651612903225807,3.3636363636363638,2.7043478260869565,2.639705882352941,
2.8869565217391306,2.1818181818181817,2.912280701754386,4.092592592592593,3.349514563106796,
3.07,2.403225806451613,4.310924369747899,3.217391304347826,3.725925925925926,
3.705521472392638,2.6690140845070425,6.931818181818182,5.1678321678321675,2.959349593495935,
2.2262773722627736,11.918552036199095,4.290123456790123,2.86231884057971,2.7557251908396947,
3.7337662337662336,2.9854014598540144,2.7450980392156863,3.8257575757575757,2.642105263157895,
2.0093457943925235,4.809815950920245,3.9430894308943087,6.8879668049792535,2.011627906976744,
2.67,2.7763975155279503,2.3904761904761904,3.121212121212121,2.55045871559633,
4.374045801526718,3.619047619047619,2.9375,9.972093023255814,2.3675213675213675,
4.809523809523809,3.310344827586207,5.089171974522293,2.44,10.90725806451613,
8.356521739130434,3.762295081967213,5.588235294117647,4.123809523809523,4.476190476190476,
3.8511904761904763,9.171597633136095,2.5652173913043477,7.032608695652174,2.802325581395349,
15.961832061068701,5.166666666666667,9.512048192771084,3.1363636363636362,7.104,
7.232704402515723,4.130434782608695,3.3017241379310347,2.010989010989011,4.1301775147929,
3.689189189189189,3.016949152542373,2.655844155844156,2.9879518072289155,3.3386243386243386,
6.994535519125683,6.165441176470588,6.46448087431694,2.4411764705882355,5.955357142857143,
3.4387096774193546,2.694915254237288,4.0397727272727275,2.933734939759036,4.221621621621622,
4.380116959064328,9.112903225806452,3.205607476635514,3.5675675675675675,7.070652173913044,
2.4468085106382977,2.4791666666666665,3.6036036036036037,2.5806451612903225,4.09009009009009,
4.296296296296297,13.927461139896373,4.14468085106383,1.881188118811881,2.652173913043478,
2.5952380952380953,3.5826771653543306,2.4,6.0,3.673076923076923,
4.950617283950617,3.6547619047619047,13.19915254237288,4.078125,2.3482142857142856,
3.145985401459854,4.618181818181818,2.304,3.2685185185185186,2.5,
3.0393700787401574,3.977900552486188,4.205479452054795,2.3797468354430378,2.7676767676767677,
2.992248062015504,2.217948717948718,5.278688524590164,1.9803921568627452,3.8402777777777777,
6.528205128205128,2.8333333333333335,3.2966101694915255,5.544303797468355,2.7294117647058824,
2.802325581395349,5.009090909090909,2.3373493975903616,5.805194805194805,3.541284403669725,
4.150375939849624,2.9027777777777777,3.0229885057471266,5.17037037037037,3.3008130081300813,
3.360655737704918,4.566265060240964,4.423728813559322,2.0816326530612246,2.3181818181818183,
3.6923076923076925,5.78974358974359,2.654135338345865,2.445945945945946,2.7,
4.971264367816092,3.0405405405405403,3.5925925925925926,3.1485148514851486,3.328125,
10.255,4.177142857142857,7.277486910994765,3.6527777777777777,2.122448979591837,
3.158536585365854,3.7803030303030303,3.464788732394366,3.8344827586206898,2.7661290322580645,
7.385416666666667,4.586776859504132,2.748031496062992,2.022727272727273,2.356589147286822,
3.0671641791044775,5.313131313131313,4.394557823129252,3.396039603960396,3.8727272727272726,
6.1,2.2755905511811023,5.734104046242774,2.1494252873563218,9.75609756097561,
2.7925925925925927,8.511111111111111,7.922279792746114,2.4722222222222223,3.537974683544304,
25.768558951965066,4.450617283950617,3.9935064935064934,2.4655172413793105,2.6396396396396398,
2.2131147540983607,3.514851485148515,6.006993006993007,1.8727272727272728,4.0,
3.239766081871345,2.8771929824561404,3.168421052631579,2.9611650485436893,2.7906976744186047,
11.46979865771812,2.25,2.4025974025974026,3.3431952662721893,4.3841059602649,
3.0064102564102564,3.5402298850574714,2.7196969696969697,3.056,2.44,
3.565714285714286,3.364341085271318,6.117021276595745,3.9926470588235294,2.048,
3.953846153846154,2.9097222222222223,4.080952380952381,2.2644628099173554,4.333333333333333,
12.271028037383177,2.6506024096385543,2.652173913043478,3.104761904761905,6.681159420289855,
3.6228070175438596,2.484848484848485,4.041322314049586,2.991596638655462,2.4939759036144578,
3.2023809523809526,4.993243243243243,3.236842105263158,4.505434782608695,4.790322580645161,
2.2975206611570247,2.1322314049586777,2.053763440860215,2.702127659574468,2.8951612903225805,
2.904255319148936,2.846774193548387,8.894409937888199,7.793333333333333,2.6041666666666665,
4.073394495412844,6.4,3.7666666666666666,4.0265486725663715,3.950413223140496,
2.2857142857142856,2.6153846153846154,5.841628959276018,2.716494845360825,2.751322751322751,
2.15625,2.0606060606060606,2.305263157894737,5.580882352941177,2.860869565217391,
2.361344537815126,6.144444444444445,3.705426356589147,5.046783625730995,4.219178082191781,
2.590909090909091,4.7607361963190185,12.681818181818182,4.068702290076335,2.022727272727273,
8.515418502202643,51.53116531165312,11.979757085020243,3.883116883116883,2.5839416058394162,
11.35031847133758,3.2795698924731185,2.4025974025974026,5.556603773584905,3.302325581395349,
5.637426900584796,4.207792207792208,2.7226277372262775,2.7222222222222223,5.627551020408164,
4.940476190476191,6.94949494949495,4.279661016949152,2.9375,3.6836158192090394,
2.8958333333333335,3.0784313725490198,3.0833333333333335,10.440677966101696,3.3412698412698414,
6.040404040404041,2.705263157894737,2.323741007194245,2.440677966101695,6.717821782178218,
1.9253731343283582,2.3661971830985915,3.54,2.5,5.695364238410596,
3.920245398773006,2.6598639455782314,8.776649746192893,2.208791208791209,4.392156862745098,
3.6610169491525424,3.051282051282051,2.25,8.087209302325581,5.106796116504855,
4.194805194805195,2.476923076923077,2.246376811594203,3.5697674418604652,2.7974683544303796,
2.702970297029703,2.4166666666666665,3.303370786516854,4.273255813953488,2.752688172043011,
7.048484848484849,3.7682119205298013,3.128205128205128,2.4716981132075473,3.020618556701031,
6.0636363636363635,2.717171717171717,3.4698795180722892,5.390909090909091,3.1797752808988764,
2.871287128712871,2.630434782608696,3.5369127516778525,2.3943661971830985,2.8923076923076922,
6.430656934306569,4.379310344827586,2.984251968503937,2.2111111111111112,6.392045454545454,
3.6069651741293534,3.1675675675675676,2.532258064516129,2.6055555555555556,2.8449612403100777,
4.268085106382979,3.847058823529412,2.418032786885246,6.820276497695852,5.254901960784314,
3.072992700729927,7.058608058608058,3.676056338028169,2.865168539325843,3.257142857142857,
4.768,4.705882352941177,3.0686274509803924,9.86,3.163265306122449,
4.041916167664671,4.30379746835443,3.032258064516129,4.703448275862069,9.582914572864322,
3.4390243902439024,3.3840579710144927,4.583333333333333,2.406896551724138,3.891891891891892,
2.957627118644068,5.169014084507042,2.4609929078014185,3.8828125,2.90625,
3.3384615384615386,3.015748031496063,2.8086956521739133,5.508670520231214,2.6363636363636362,
3.3157894736842106,4.104895104895105,3.122137404580153,2.3176470588235296,2.45,
3.0849056603773586,2.918181818181818,2.8739495798319328,1.9137931034482758,2.1527777777777777,
2.3908045977011496,3.9908256880733943,2.8476190476190477,3.63,2.2857142857142856,
5.197802197802198,2.3577981651376145,4.930555555555555,3.488095238095238,2.237623762376238,
2.7916666666666665,2.623853211009174,8.816091954022989,4.716814159292035,2.336842105263158,
4.361702127659575,2.9263157894736844,3.2,4.2,10.796052631578947,
2.2450980392156863,11.5,3.6037735849056602,5.096,5.985576923076923,
3.529850746268657,2.4491525423728815,3.301282051282051,2.641509433962264,2.148936170212766,
6.522058823529412,4.398058252427185,2.828358208955224,3.6794871794871793,9.5527950310559,
9.842592592592593,3.1968085106382977,2.5606060606060606,2.2764227642276422,2.5276073619631902,
3.1015625,3.6544117647058822,3.2160493827160495,2.8072289156626504,3.56,
3.917293233082707,9.413793103448276,3.715909090909091,6.014084507042254,2.6231884057971016,
2.448717948717949,4.371621621621622,3.5565217391304347,2.07,2.4691358024691357,
9.553333333333333,2.5495495495495497,4.041666666666667,2.343137254901961,2.462686567164179,
2.6857142857142855,3.958041958041958,2.4220183486238533,5.318627450980392,11.060402684563758,
2.1232876712328768,2.1052631578947367,2.141304347826087,3.5,2.835294117647059,
3.1372549019607843,8.291390728476822,6.1020408163265305,3.538961038961039,3.9863945578231292,
2.81651376146789,7.166666666666667,4.605405405405405,3.414141414141414,8.194117647058823,
2.7844827586206895,8.745222929936306,4.439655172413793,2.409090909090909,2.1847826086956523,
1.9137931034482758,3.43859649122807,1.7878787878787878,3.6363636363636362,3.2842105263157895,
2.2847222222222223,7.942028985507246,7.981042654028436,3.0310880829015545,4.089887640449438,
3.167832167832168,3.9242424242424243,2.677685950413223,2.7639751552795033,4.078651685393258,
3.6174863387978142,4.775510204081633,3.0191082802547773,3.253012048192771,3.574468085106383,
7.188405797101449,11.825174825174825,2.773913043478261,3.7523809523809524,3.586206896551724,
3.396551724137931,3.5374149659863945,2.2842105263157895,2.112676056338028,2.73972602739726,
3.388535031847134,4.510067114093959,4.860927152317881,3.1538461538461537,4.023668639053255,
3.9379310344827587,4.462962962962963,4.428571428571429,2.262295081967213,4.6879432624113475,
4.666666666666667,2.473684210526316,2.663157894736842,2.6666666666666665,4.925925925925926,
13.727626459143968,4.450819672131147,3.403669724770642,6.331632653061225,4.030864197530864,
2.7222222222222223,2.481203007518797,11.392670157068062,10.255102040816327,6.553299492385787,
2.6556291390728477,3.725,9.797297297297296,20.93913043478261,5.357142857142857,
8.269607843137255,3.3783783783783785,6.407185628742515,2.0,4.138364779874214,
3.2336448598130842,3.6363636363636362,6.331325301204819,2.93859649122807,3.404255319148936,
4.082644628099174,5.898989898989899,2.9304347826086956,5.0503597122302155,2.1846153846153844,
3.1555555555555554,5.481081081081081,5.659863945578231,2.236111111111111,17.331460674157302,
3.0,3.1794871794871793,2.4761904761904763,2.340659340659341,3.9523809523809526,
2.3486238532110093,3.347107438016529,3.5611510791366907,2.7216494845360826,2.326530612244898,
6.921052631578948,3.2231404958677685,11.267605633802816,2.9177215189873418,7.715686274509804,
3.150442477876106,13.13963963963964,5.254098360655738,2.8378378378378377,2.6129032258064515,
4.129310344827586,3.8,5.680672268907563,2.372549019607843,3.0229885057471266,
4.1421052631578945,3.75,3.103896103896104,3.893805309734513,8.481927710843374,
5.456647398843931,3.0434782608695654,3.3194444444444446,3.9015151515151514,2.827272727272727,
2.4,2.63855421686747,3.5488721804511276,4.627586206896551,2.0898876404494384,
5.930232558139535,8.590909090909092,2.8031496062992125,3.19,3.50381679389313,
2.3773584905660377,2.914285714285714,2.847826086956522,3.1875,3.6814159292035398,
3.8127853881278537,4.016304347826087,2.5514018691588785,5.25,2.957055214723926,
3.7142857142857144,4.631944444444445,3.5371900826446283,4.366666666666666,2.614678899082569,
3.212121212121212,1.8461538461538463,4.264705882352941,3.8,2.486842105263158,
2.482456140350877,2.9611650485436893,2.6979166666666665,2.7672413793103448,3.2666666666666666,
2.2522522522522523,2.9782608695652173,3.2954545454545454,2.176470588235294,2.7857142857142856,
5.296296296296297,3.6597938144329896,2.935064935064935,4.479289940828402,3.621761658031088,
2.3461538461538463,3.242857142857143,2.7758620689655173,2.8529411764705883,3.3134328358208953,
3.625,5.651041666666667,2.7857142857142856,2.1634615384615383,2.8992805755395685,
5.694117647058824,4.4375,3.950354609929078,3.263157894736842,2.7142857142857144,
3.1533742331288344,2.144144144144144,7.6244541484716155,2.948905109489051,5.215962441314554,
4.525,2.4025974025974026,2.234042553191489,178.9909420289855,3.207920792079208,
3.1481481481481484,3.9176470588235293,2.736842105263158,4.666666666666667,2.0602409638554215,
2.1149425287356323,5.321428571428571,5.751633986928105,3.8984771573604062,8.256756756756756,
2.5481481481481483,5.26063829787234,4.673076923076923,3.6956521739130435,3.3055555555555554,
2.477272727272727,2.675675675675676,3.3944444444444444,8.054545454545455,2.3714285714285714,
2.44954128440367,3.1052631578947367,5.704142011834319,5.7785714285714285,6.5855263157894735,
3.056179775280899,2.5277777777777777,4.580645161290323,4.359223300970874,2.730769230769231,
1.8727272727272728,4.385416666666667,5.120967741935484,9.180722891566266,2.28125,
4.592307692307692,4.8465608465608465,2.247311827956989,2.6328125,6.6702702702702705,
1.7755102040816326,3.326530612244898,4.5,2.4878048780487805,2.1666666666666665,
3.309941520467836,3.2992125984251968,7.644549763033176,5.130434782608695,3.426829268292683,
2.720720720720721,2.643939393939394,2.407766990291262,2.8703703703703702,4.453237410071942,
4.142857142857143,2.652892561983471,2.747967479674797,2.420289855072464,2.458715596330275,
8.964912280701755,3.3492063492063493,2.6,2.2266666666666666,4.246031746031746,
2.010989010989011,3.2290076335877864,10.162790697674419,3.9925925925925925,5.098591549295775,
3.0994152046783627,3.3309352517985613,16.022421524663677,4.820143884892087,5.232044198895028,
4.133802816901408,2.6666666666666665,5.04054054054054,2.575,2.982300884955752,
2.6184210526315788,2.7474747474747474,4.579831932773109,5.256410256410256,2.0,
2.8506493506493507,6.411764705882353,2.9881656804733727,5.088669950738916,4.284552845528455,
12.157068062827225,5.206060606060606,4.390243902439025,4.621468926553672,3.5267857142857144,
16.535714285714285,3.294573643410853,5.353383458646617,6.805,3.6774193548387095,
3.2674418604651163,2.6,2.8518518518518516,2.6,3.0721649484536084,
3.3448275862068964,5.2047244094488185,3.2335766423357666,4.544910179640719,3.1962025316455698,
6.386792452830188,2.901098901098901,3.9901477832512313,4.333333333333333,4.75,
4.019047619047619,3.5617283950617282,3.519083969465649,2.3125,2.2661870503597124,
4.895027624309392,3.347826086956522,3.504950495049505,2.5510204081632653,5.219354838709678,
43.175496688741724,4.634408602150538,1.9615384615384615,2.816326530612245,3.1235955056179776,
2.2839506172839505,2.642105263157895,2.59375,14.397660818713451,2.95,
2.392,4.982608695652174,2.8661971830985915,2.795774647887324,3.4411764705882355,
2.593984962406015,2.3125,7.988372093023256,5.993197278911564,4.613333333333333,
4.583892617449664,5.493243243243243,3.6554621848739495,2.377049180327869,2.076923076923077,
4.597222222222222,2.81651376146789,2.619047619047619,4.859154929577465,4.717791411042945,
2.0804597701149423,2.59375,2.728,3.5398230088495577,2.9195402298850577,
3.098360655737705,5.00625,2.3564356435643563,5.692982456140351,3.0833333333333335,
3.470149253731343,3.485074626865672,2.7578947368421054,2.21,2.656,
2.5943396226415096,2.7941176470588234,2.7846153846153845,2.5342465753424657,3.763157894736842,
2.4166666666666665,3.091743119266055,6.765625,3.370731707317073,2.6865671641791047,
3.2222222222222223,5.834319526627219,3.3793103448275863,4.850393700787402,2.2804878048780486,
3.8232044198895028,2.838709677419355,2.892857142857143,2.4820143884892087,2.769230769230769,
6.734939759036145,9.786096256684491,3.3923076923076922,3.5238095238095237,3.7979274611398965,
2.1818181818181817,6.159509202453988,10.15028901734104,2.203883495145631,2.1176470588235294,
2.361344537815126,2.7241379310344827,3.4690265486725664,2.34375,2.741496598639456,
2.1707317073170733,2.2435897435897436,4.5225225225225225,2.4554455445544554,2.466666666666667,
2.3840579710144927,3.7027027027027026,5.263513513513513,2.2560975609756095,3.510204081632653,
5.053333333333334,4.786666666666667,3.177570093457944,4.696551724137931,2.680672268907563,
2.8173913043478263,2.9357142857142855,4.451127819548872,2.4838709677419355,3.5575221238938055,
2.878787878787879,2.727272727272727,6.1530054644808745,2.2758620689655173,2.4,
2.9716981132075473,4.916666666666667,3.361344537815126,2.5702479338842976,2.9393939393939394,
3.236559139784946,5.895927601809955,6.7174887892376685,4.67,3.084967320261438,
3.4227642276422765,2.1157894736842104,9.268041237113403,7.365168539325842,2.8803418803418803,
3.9858156028368796,4.730769230769231,3.4603960396039604,3.888111888111888,2.911392405063291,
5.014354066985646,5.818181818181818,4.4,13.116161616161616,2.767605633802817,
3.7241379310344827,4.973509933774834,2.6171875,6.3232323232323235,2.3,
12.15,2.5384615384615383,4.299319727891157,2.725806451612903,3.6076923076923078,
2.39,2.52,2.5495495495495497,4.434782608695652,2.652173913043478,
6.772413793103448,4.604166666666667,6.112582781456954,2.2,3.230769230769231,
3.076923076923077,5.0608108108108105,3.9703703703703703,6.70440251572327,2.7211538461538463,
2.5694444444444446,2.3684210526315788,5.180851063829787,2.388059701492537,7.548611111111111,
5.3655462184873945,3.8415841584158414,2.337078651685393,2.761290322580645,4.866666666666666,
3.9915254237288136,5.3628318584070795,5.171270718232044,2.553030303030303,3.8344827586206898,
2.373913043478261,3.9285714285714284,2.642857142857143,2.381294964028777,5.270440251572327,
2.954022988505747,2.761290322580645,2.835227272727273,2.865546218487395,3.347517730496454,
2.591549295774648,3.152941176470588,4.162790697674419,4.144,2.6610169491525424,
2.1588785046728973,1.8307692307692307,18.834170854271356,10.762237762237762,2.263157894736842,
3.2533333333333334,2.3980582524271843,2.2278481012658227,4.324324324324325,2.6315789473684212,
4.709090909090909,3.011627906976744,2.7222222222222223,2.9741935483870967,11.553846153846154,
2.30188679245283,2.3563218390804597,5.36231884057971,2.5294117647058822,2.7549019607843137,
8.467153284671532,2.6610169491525424,4.631901840490798,2.704225352112676,5.084848484848485,
2.1885245901639343,4.486486486486487,3.4594594594594597,5.488584474885845,4.5625,
2.5454545454545454,2.1222222222222222,7.709677419354839,4.631578947368421,5.305555555555555,
3.277227722772277,5.2773722627737225,5.337748344370861,2.7222222222222223,3.1721311475409837,
2.1341463414634148,5.595,4.402912621359223,4.115646258503402,7.142857142857143,
2.024390243902439,4.883977900552487,3.8451612903225807,3.243478260869565,2.819548872180451,
3.9224137931034484,2.561224489795918,2.0714285714285716,2.72,6.054421768707483,
2.350515463917526,3.8979591836734695,5.804733727810651,2.7111111111111112,3.668639053254438,
2.4545454545454546,3.1363636363636362,3.1083333333333334,3.125,2.4330708661417324,
4.416666666666667,4.7984496124031,7.27810650887574,3.0,2.6861313868613137,
2.5390070921985815,2.650537634408602,3.787878787878788,3.3282442748091605,2.347457627118644,
3.1538461538461537,3.6636363636363636,2.6026490066225167,4.9411764705882355,8.262008733624453,
19.189814814814813,4.008928571428571,3.340909090909091,3.76,2.4237288135593222,
1.6545454545454545,2.7844827586206895,9.650684931506849,2.720720720720721,2.1868131868131866,
6.633333333333334,2.987012987012987,5.146496815286624,3.3008130081300813,2.112676056338028,
3.272727272727273,3.4,3.111111111111111,3.0873015873015874,2.875,
2.7260273972602738,3.140939597315436,2.3909774436090228,3.7787610619469025,2.3057851239669422,
2.442857142857143,2.311320754716981,5.325688073394495,4.509803921568627,2.462121212121212,
2.3563218390804597,2.557377049180328,4.814285714285714,3.9754601226993866,4.419354838709677,
4.608938547486034,4.19205298013245,2.44954128440367,3.017391304347826,7.4774774774774775,
5.019417475728155,2.7701149425287355,2.6226415094339623,2.453488372093023,3.3440860215053765,
1.975,2.2666666666666666,3.1214285714285714,2.4761904761904763,2.443298969072165,
3.7314814814814814,2.7767857142857144,3.2777777777777777,3.5785714285714287,3.978494623655914,
1.9523809523809523,12.604395604395604,6.248,2.7899159663865545,3.5028901734104045,
3.0217391304347827,4.701754385964913,3.0588235294117645,4.109090909090909,2.161290322580645,
2.6315789473684212,4.185185185185185,3.0617283950617282,3.765957446808511,3.6496350364963503,
2.392156862745098,3.925287356321839,2.8666666666666667,4.8152866242038215,3.9367816091954024,
7.469767441860465,2.832,2.289156626506024,3.1666666666666665,3.7666666666666666,
4.0130718954248366,6.257575757575758,3.142857142857143,2.597826086956522,8.596774193548388,
2.1844660194174756,2.8263473053892216,3.142857142857143,8.101190476190476,3.210526315789474,
3.5121951219512195,3.473684210526316,3.6823529411764704,3.9937888198757765,4.211111111111111,
10.616,2.5714285714285716,2.81981981981982,2.5775862068965516,5.296296296296297,
2.2747252747252746,3.10752688172043,13.968992248062015,7.0,3.106382978723404,
2.516949152542373,3.308641975308642,2.9615384615384617,2.8607594936708862,2.6645569620253164,
7.36,2.4855072463768115,3.518918918918919,5.937142857142857,2.786764705882353,
3.062992125984252,2.990566037735849,3.652482269503546,2.4444444444444446,2.075,
4.112359550561798,3.7339449541284404,4.54054054054054,6.516587677725118,2.209090909090909,
5.136904761904762,3.0128205128205128,3.588709677419355,2.38,2.2589285714285716,
2.1186440677966103,2.90625,2.4468085106382977,3.926829268292683,3.0126582278481013,
3.612403100775194,2.6610169491525424,2.46875,3.108527131782946,2.9574468085106385,
5.401315789473684,5.7894736842105265,2.521276595744681,2.725663716814159,5.625,
3.0833333333333335,3.2389380530973453,6.028985507246377,7.8397790055248615,2.5125,
3.881818181818182,2.4782608695652173,2.7580645161290325,4.124031007751938,3.1440677966101696,
3.14,4.382978723404255,3.622950819672131,2.4516129032258065,3.919642857142857,
2.635514018691589,2.7065217391304346,2.911764705882353,2.5350877192982457,3.3870967741935485,
3.270718232044199,4.239024390243903,3.7556818181818183,6.026178010471204,3.006060606060606,
2.449612403100775,8.70807453416149,5.328888888888889,3.641711229946524,2.6867469879518073,
2.3741007194244603,6.240196078431373,3.0866141732283463,2.463636363636364,4.416666666666667,
3.420353982300885,4.36144578313253,2.225225225225225,3.145985401459854,4.383495145631068,
3.2564102564102564,11.0,3.128654970760234,3.1164383561643834,3.3768115942028984,
2.2933333333333334,4.876404494382022,2.189189189189189,2.3796296296296298,2.207792207792208,
1.9509803921568627,3.954198473282443,2.163265306122449,2.770642201834862,3.9038461538461537,
5.753521126760563,2.197674418604651,13.279792746113989,2.876923076923077,2.197802197802198,
2.407766990291262,2.5754716981132075,3.0,3.017857142857143,3.946564885496183,
2.247191011235955,2.303370786516854,2.5153846153846153,3.8714285714285714,2.7737226277372264,
2.2626262626262625,5.244897959183674,5.959302325581396,8.104,2.563106796116505,
6.4526315789473685,3.007575757575758,2.5284552845528454,5.423076923076923,6.319371727748691,
2.485074626865672,4.915254237288136,5.421965317919075,2.8521739130434782,12.573529411764707,
2.3173076923076925,3.2346938775510203,3.393700787401575,2.9044585987261144,3.5737704918032787,
5.116504854368932,5.619718309859155,5.398809523809524,1.8229166666666667,2.45985401459854,
5.5036496350364965,3.725663716814159,2.9896907216494846,2.4597701149425286,2.6804123711340204,
2.835294117647059,1.896551724137931,2.9290780141843973,13.926966292134832,4.99,
3.0396825396825395,9.723300970873787,7.243119266055046,4.0962962962962965,3.7593984962406015,
2.229357798165138,2.9864864864864864,4.2481203007518795,3.492857142857143,10.199346405228757,
4.1466666666666665,3.9338235294117645,2.3289473684210527,2.481203007518797,5.313131313131313,
2.7,2.7291666666666665,3.3423423423423424,6.848484848484849,2.1780821917808217,
2.8732394366197185,2.8469387755102042,1.880952380952381,4.229357798165138,4.9375,
4.384615384615385,14.387978142076502,3.626984126984127,6.078787878787879,2.5481481481481483,
6.162790697674419,3.085714285714286,2.9767441860465116,3.840909090909091,3.125,
2.566371681415929,4.155405405405405,5.304054054054054,8.357142857142858,3.63265306122449,
3.4184397163120566,5.25625,2.257425742574257,3.709090909090909,2.5841584158415842,
3.5548780487804876,3.153225806451613,2.18125,4.437956204379562,2.5,
4.707818930041152,3.0683229813664594,8.550185873605948,3.6991150442477876,2.350515463917526,
2.2211538461538463,2.8368794326241136,3.472049689440994,7.6117647058823525,5.651515151515151,
4.430693069306931,2.6176470588235294,2.5535714285714284,3.9205298013245033,2.6952380952380954,
3.8449612403100777,2.488888888888889,3.9345794392523366,2.9411764705882355,3.308411214953271,
3.9782608695652173,4.086956521739131,3.045801526717557,2.9315068493150687,4.44,
2.7452830188679247,4.3983739837398375,2.6228070175438596,2.684684684684685,3.2523364485981308,
2.6136363636363638,3.6455696202531644,3.2777777777777777,2.0,2.4015748031496065,
2.7226277372262775,3.8771929824561404,2.705263157894737,2.642857142857143,2.336283185840708,
3.7222222222222223,2.36734693877551,4.726027397260274,3.2992125984251968,4.900621118012422,
3.7043478260869565,2.7720588235294117,4.246268656716418,1.839080459770115,2.446043165467626,
3.51,7.295238095238095,3.458823529411765,11.169230769230769,2.676470588235294,
3.7524752475247523,5.4170616113744074,2.0961538461538463,2.963855421686747,3.2611940298507465,
2.7954545454545454,3.2481751824817517,6.904761904761905,5.461538461538462,2.154639175257732,
8.109243697478991,5.389473684210526,4.553191489361702,2.391304347826087,2.826923076923077,
4.313253012048193,2.4857142857142858,8.434782608695652,2.5114503816793894,4.075757575757576,
3.4155844155844157,20.15286624203822,6.043956043956044,3.107142857142857,2.944954128440367,
2.8018018018018016,3.5433526011560694,2.544642857142857,8.25625,2.986666666666667,
2.505050505050505,4.096774193548387,4.153284671532846,2.2686567164179103,8.05921052631579,
22.102127659574467,1.9130434782608696,1.9245283018867925,5.362637362637362,2.780141843971631,
2.3852459016393444,3.656716417910448,3.0505050505050506,5.378378378378378,8.867132867132867,
4.530201342281879,2.6940298507462686,2.543103448275862,1.7176470588235293,3.8304093567251463,
2.268041237113402,3.90625,2.9583333333333335,3.6666666666666665,3.5961538461538463,
5.871951219512195,2.957627118644068,2.8814814814814813,2.9692307692307693,1.989247311827957,
3.2694300518134716,2.337748344370861,3.0671641791044775,2.2719298245614037,7.1976744186046515,
2.381294964028777,6.685185185185185,2.477777777777778,5.007142857142857,2.9261744966442955,
3.2364532019704435,2.6143790849673203,5.210300429184549,7.317241379310345,3.048780487804878,
2.8256880733944953,2.8333333333333335,2.391304347826087,4.223214285714286,5.211920529801325,
4.8861788617886175,2.9320388349514563,2.9853658536585366,4.328125,3.3453237410071943,
3.1171875,2.4761904761904763,2.9548387096774196,7.1692307692307695,3.111111111111111,
2.982300884955752,3.1102362204724407,6.488372093023256,4.204819277108434,4.173076923076923,
2.967741935483871,3.845528455284553,3.2238805970149254,3.725806451612903,2.394230769230769,
5.64375,4.440944881889764,2.52,4.0,2.5113636363636362,
7.315384615384615,4.383928571428571,2.3516483516483517,2.9166666666666665,4.313253012048193,
2.9161290322580644,5.424581005586592,5.094594594594595,2.6363636363636362,3.3873873873873874,
2.9285714285714284,2.817204301075269,2.697986577181208,3.340782122905028,4.159574468085107,
3.602409638554217,5.413333333333333,3.2222222222222223,4.0,6.640243902439025,
2.611111111111111,2.562962962962963,2.7604166666666665,8.108108108108109,3.3852459016393444,
5.624242424242424,2.6578947368421053,3.3986928104575163,3.46,3.49,
3.134453781512605,4.969135802469136,4.66,4.172413793103448,3.7371794871794872,
2.419753086419753,3.194915254237288,2.3181818181818183,4.00709219858156,3.3846153846153846,
2.4204545454545454,2.8442622950819674,3.320388349514563,2.9292929292929295,3.1448275862068966,
5.172413793103448,3.3576642335766422,4.164634146341464,6.975369458128079,4.44,
4.043103448275862,3.6785714285714284,4.895927601809955,2.816793893129771,3.9782608695652173,
2.463157894736842,3.2900763358778624,2.6126126126126126,3.1343283582089554,4.321428571428571,
2.991304347826087,3.557377049180328,4.8108108108108105,3.701219512195122,4.294520547945205,
2.5806451612903225,2.650943396226415,2.6390977443609023,2.422222222222222,4.546666666666667,
5.840490797546012,3.3063063063063063,3.4702970297029703,1.9910714285714286,2.6448598130841123,
15.342342342342342,5.095238095238095,2.9450549450549453,3.36,5.294117647058823,
2.8191489361702127,3.1475409836065573,9.637837837837838,3.849056603773585,3.6666666666666665,
4.288888888888889,2.257142857142857,5.228395061728395,3.0863309352517985,2.411764705882353,
3.6954022988505746,4.492424242424242,2.388888888888889,5.603053435114504,4.242647058823529,
3.125,4.016,2.4299065420560746,5.51304347826087,4.912162162162162,
8.739336492890995,5.715277777777778,3.225165562913907,2.8292682926829267,4.054347826086956,
2.308641975308642,4.546875,2.2794117647058822,5.368421052631579,2.325301204819277,
3.801418439716312,5.295081967213115,2.242424242424242,2.126315789473684,7.896825396825397,
5.75,3.9270833333333335,4.594827586206897,4.072072072072072,2.3518518518518516,
10.060975609756097,2.436974789915966,2.5402298850574714,7.066225165562914,3.6283783783783785,
2.375886524822695,2.804054054054054,3.902173913043478,3.6971830985915495,3.7346938775510203,
4.245283018867925,2.979381443298969,7.0852713178294575,2.6141732283464565,2.8513513513513513,
8.966216216216216,3.0396825396825395,2.5130434782608697,2.5869565217391304,2.153225806451613,
5.440860215053763,4.147286821705427,7.196808510638298,3.718954248366013,8.0,
4.977777777777778,3.8552631578947367,2.353982300884956,4.424,2.2882882882882885,
2.3069306930693068,3.6923076923076925,2.787037037037037,3.553030303030303,2.1226415094339623,
2.765957446808511,2.014705882352941,2.7611940298507465,3.2242990654205608,4.525862068965517,
5.571428571428571,15.97008547008547,3.1736526946107784,4.1911764705882355,4.078014184397163,
2.641509433962264,4.421686746987952,2.5980392156862746,2.7142857142857144,9.187134502923977,
3.234234234234234,3.4397590361445785,3.765151515151515,2.8632478632478633,3.246031746031746,
4.286666666666667,4.740112994350283,8.94375,3.878260869565217,3.208,
3.5,2.8384615384615386,2.3055555555555554,3.2325581395348837,2.150442477876106,
3.326388888888889,7.232804232804233,2.077777777777778,6.782857142857143,2.484126984126984,
6.023809523809524,1.935483870967742,1.9841269841269842,2.9107142857142856,2.3972602739726026,
6.816568047337278,2.2457627118644066,2.8048780487804876,3.1559633027522938,4.375,
4.195652173913044,5.8108108108108105,2.2962962962962963,2.289156626506024,2.5652173913043477,
4.318840579710145,2.78021978021978,2.2083333333333335,3.142857142857143,4.314465408805032,
3.3813559322033897,2.6990291262135924,2.1882352941176473,2.5046728971962615,2.4285714285714284,
4.900763358778626,7.3273809523809526,6.7023809523809526,4.032258064516129,3.737864077669903,
4.579881656804734,18.81904761904762,4.371428571428571,5.891566265060241,2.685185185185185,
3.2994011976047903,5.402010050251256,2.078014184397163,2.2338709677419355,2.3488372093023258,
2.462686567164179,13.209523809523809,9.849397590361447,4.553191489361702,3.080357142857143,
3.039473684210526,6.358823529411764,2.4423076923076925,6.544943820224719,3.297029702970297,
2.4457831325301207,8.775510204081632,4.243055555555555,2.8125,8.306010928961749,
3.4184397163120566,2.4521739130434783,3.088,2.357142857142857,3.537974683544304,
2.5921052631578947,2.011764705882353,3.467741935483871,3.9243697478991595,5.528,
3.6513761467889907,7.672955974842767,2.2115384615384617,2.672268907563025,3.182795698924731,
2.8639455782312924,3.173076923076923,2.625,8.68586387434555,2.953333333333333,
2.3423423423423424,6.871794871794871,6.8924050632911396,1.6708860759493671,2.4,
2.4504504504504503,2.8823529411764706,5.375,4.141025641025641,4.677631578947368,
5.935779816513762,7.659176029962547,5.614864864864865,1.9315068493150684,11.878306878306878,
52.701298701298704,2.6744186046511627,4.0,2.5634920634920637,3.0,
2.3970588235294117,4.212121212121212,2.078125,2.7663551401869158,2.617021276595745,
7.430555555555555,2.056179775280899,2.9732142857142856,6.641025641025641,3.7804878048780486,
2.5727272727272728,3.8106060606060606,2.3,2.640449438202247,2.9682539682539684,
4.533333333333333,3.08,8.36046511627907,2.5476190476190474,2.923076923076923,
2.6744186046511627,6.033783783783784,5.033980582524272,9.502673796791443,2.801418439716312,
2.7241379310344827,2.9,3.508771929824561,3.3359375,1.7571428571428571,
4.635036496350365,4.529411764705882,4.258426966292135,2.2803030303030303,9.032786885245901,
6.621428571428571,9.503311258278146,4.052083333333333,2.2653061224489797,3.8846153846153846,
2.4864864864864864,2.7886178861788617,4.371428571428571,5.420168067226891,2.1973684210526314,
4.452229299363057,4.782051282051282,3.3424657534246576,2.4157303370786516,2.2111111111111112,
3.771812080536913,3.457627118644068,4.668478260869565,3.10077519379845,3.2032967032967035,
2.686868686868687,7.363636363636363,5.480769230769231,3.8689655172413793,2.8350515463917527,
3.221052631578947,3.4586466165413534,6.804878048780488,7.252808988764045,2.863013698630137,
3.7846153846153845,6.213114754098361,3.8333333333333335,2.6363636363636362,4.398230088495575,
3.8109756097560976,3.3404255319148937,3.2115384615384617,2.875,2.704697986577181,
5.422077922077922,4.295454545454546,3.9051724137931036,3.727891156462585,2.05607476635514,
2.6910569105691056,6.051470588235294,3.5555555555555554,3.7950310559006213,2.80188679245283,
13.017857142857142,4.484126984126984,4.0423728813559325,3.201492537313433,2.300751879699248,
2.0804597701149423,2.741007194244604,6.291044776119403,2.590909090909091,6.93006993006993,
2.5524475524475525,3.953216374269006,5.764367816091954,3.47953216374269,3.533707865168539,
4.95945945945946,3.0933333333333333,3.9352941176470586,2.4150943396226414,3.436893203883495,
3.4930555555555554,2.5847457627118646,3.0357142857142856,4.0,6.634146341463414,
2.5982905982905984,3.016260162601626,2.5944055944055946,13.158119658119658,2.302325581395349,
6.114583333333333,4.392156862745098,2.7196261682242993,2.702127659574468,2.4918032786885247,
2.25,2.4403669724770642,5.906976744186046,7.369230769230769,5.981012658227848,
3.932515337423313,3.5416666666666665,3.917293233082707,3.6796875,2.216867469879518,
3.093525179856115,3.2616822429906542,2.211764705882353,3.8455882352941178,4.576576576576577,
4.236453201970443,5.664864864864865,3.1951219512195124,2.807142857142857,3.3857868020304567,
2.5514018691588785,3.041322314049587,14.17766497461929,8.333333333333334,2.5929203539823007,
2.45,3.289719626168224,2.4482758620689653,9.115942028985508,2.3854166666666665,
3.5301204819277108,3.1639344262295084,2.7398373983739837,2.797979797979798,2.4545454545454546,
7.2,4.033783783783784,4.855263157894737,2.477777777777778,2.4864864864864864,
2.5419847328244276,2.823529411764706,8.620111731843576,4.162790697674419,5.629139072847682,
3.538922155688623,3.375,1.9285714285714286,3.6704545454545454,2.2531645569620253,
3.1973684210526314,6.461538461538462,3.8333333333333335,4.048611111111111,2.892857142857143,
4.857142857142857,5.628571428571429,3.0949367088607596,3.2202380952380953,2.6444444444444444,
10.11734693877551,3.1372549019607843,6.932926829268292,6.7935483870967746,13.138686131386862,
2.793388429752066,2.525,3.3828125,3.208695652173913,4.444444444444445,
3.6715328467153285,2.5288461538461537,4.2926829268292686,9.818181818181818,2.515151515151515,
6.352941176470588,8.19047619047619,4.5,2.0833333333333335,2.9833333333333334,
3.0146341463414634,4.235294117647059,3.6222222222222222,4.61025641025641,3.8132530120481927,
7.038961038961039,1.9166666666666667,3.0661764705882355,2.9469026548672566,2.8737864077669903,
3.515873015873016,11.128865979381443,2.576388888888889,2.872,2.424778761061947,
20.180904522613066,2.6346153846153846,6.930555555555555,2.3153846153846156,3.688679245283019,
2.3962264150943398,2.2247191011235956,6.666666666666667,3.056179775280899,3.054054054054054,
5.446428571428571,4.870967741935484,2.269230769230769,2.548611111111111,4.562962962962963,
2.3008130081300813,4.5,4.850961538461538,6.845,2.888888888888889,
5.625,7.377777777777778,5.911111111111111,3.2941176470588234,4.5851851851851855,
3.793388429752066,2.011904761904762,2.1758241758241756,1.9080459770114941,3.076923076923077,
3.0194805194805197,5.350230414746544,4.20125786163522,2.3893805309734515,2.2254901960784315,
4.6434108527131785,6.291666666666667,3.080808080808081,2.9580838323353293,15.692307692307692,
2.9477611940298507,3.699248120300752,6.093167701863354,3.816326530612245,3.5433526011560694,
3.107142857142857,8.486725663716815,2.343283582089552,4.957446808510638,2.9134615384615383,
2.7355371900826446,8.597014925373134,7.628378378378378,2.4838709677419355,2.53,
3.8031496062992125,3.3434343434343434,3.4727272727272727,3.375,2.9210526315789473,
1.9904761904761905,4.347417840375587,3.2848484848484847,2.64,3.2764227642276422,
2.4594594594594597,7.889473684210526,3.24,3.4805194805194803,2.4035087719298245,
5.660714285714286,4.393034825870647,3.7739726027397262,3.0921052631578947,3.5390625,
2.1015625,2.7,2.658119658119658,2.7596153846153846,2.7578125,
3.330578512396694,2.8688524590163933,2.752808988764045,2.740740740740741,2.6904761904761907,
4.794594594594595,6.0256410256410255,3.0955414012738856,4.166666666666667,3.0789473684210527,
2.513157894736842,3.6020408163265305,2.63,7.719626168224299,3.7339449541284404,
2.5925925925925926,2.209090909090909,2.1818181818181817,2.8433734939759034,4.081871345029239,
5.237569060773481,1.95,3.817204301075269,4.8341463414634145,5.149700598802395,
2.896551724137931,2.611842105263158,5.218543046357616,6.680981595092025,5.032051282051282,
3.3727272727272726,2.710526315789474,2.7708333333333335,2.340909090909091,4.913043478260869,
3.4615384615384617,3.6222222222222222,2.1881188118811883,3.363128491620112,2.7086092715231787,
3.9559748427672954,4.070063694267516,8.0,6.066326530612245,2.5982905982905984,
3.4873417721518987,2.537037037037037,15.122605363984674,2.4554455445544554,2.741573033707865,
4.883720930232558,4.578313253012048,3.059322033898305,3.5391304347826087,3.1492537313432836,
5.244755244755245,3.8820224719101124,3.213872832369942,4.461538461538462,3.0526315789473686,
2.1267605633802815,15.32,7.0181818181818185,4.085714285714285,2.6,
7.857142857142857,2.4919354838709675,2.4095238095238094,3.1052631578947367,4.614130434782608,
2.6160714285714284,8.866336633663366,2.1780821917808217,2.617021276595745,3.2857142857142856,
3.2327586206896552,2.2531645569620253,3.204081632653061,10.507042253521126,2.3369565217391304,
3.3141025641025643,2.516949152542373,6.395061728395062,3.4887640449438204,6.374233128834356,
5.263888888888889,8.888059701492537,2.380952380952381,8.201612903225806,4.782608695652174,
7.415730337078652,2.2454545454545456,5.285714285714286,2.5757575757575757,9.68,
2.860869565217391,3.0530973451327434,6.0181818181818185,3.043956043956044,4.993464052287582,
3.4,2.899159663865546,23.61952861952862,4.298245614035087,4.162162162162162,
4.383458646616542,3.1324503311258276,5.871212121212121,4.839080459770115,4.745454545454545,
3.76,2.361111111111111,2.6634615384615383,1.9333333333333333,2.5443037974683542,
7.708333333333333,3.7074468085106385,2.043010752688172,2.9404761904761907,2.8376068376068377,
2.3085106382978724,4.354037267080745,3.588607594936709,2.8,2.1496062992125986,
6.757142857142857,3.098901098901099,6.026785714285714,3.3191489361702127,5.3515625,
3.006849315068493,5.572254335260116,2.6751592356687897,4.603015075376884,2.6258992805755397,
2.5789473684210527,4.27027027027027,2.826923076923077,2.4583333333333335,2.780952380952381,
2.625,3.8979591836734695,2.9034482758620688,2.2110091743119265,5.3017751479289945,
2.424,7.703703703703703,6.5,2.111111111111111,6.174358974358975,
4.784090909090909,10.732558139534884,3.7051282051282053,8.390977443609023,4.48,
5.805755395683454,3.18,2.2231404958677685,2.2736842105263158,5.611111111111111,
2.4434782608695653,2.4140625,3.2713178294573644,2.9328358208955225,2.6134453781512605,
3.9622641509433962,11.49740932642487,3.8028169014084505,5.202702702702703,2.189189189189189,
3.1020408163265305,4.941558441558442,2.898989898989899,4.25,2.3020833333333335,
2.754385964912281,3.0413793103448277,5.397350993377484,2.488372093023256,4.421052631578948,
3.9844961240310077,3.3548387096774195,1.8805970149253732,2.3257575757575757,54.048458149779734,
10.098958333333334,11.574324324324325,6.055555555555555,2.336283185840708,3.283333333333333,
2.763358778625954,1.9589041095890412,2.7264150943396226,3.3333333333333335,2.9917355371900825,
3.7196261682242993,2.0526315789473686,4.3311688311688314,2.5945945945945947,4.626016260162602,
2.4692307692307693,6.239795918367347,9.506493506493506,4.775401069518717,2.19,
3.193877551020408,6.446153846153846,7.90566037735849,6.663934426229508,2.9431818181818183,
3.938202247191011,3.183673469387755,4.720238095238095,1.9439252336448598,5.604166666666667,
3.8509316770186337,2.944954128440367,8.948051948051948,6.209821428571429,2.929936305732484,
10.21359223300971,6.063291139240507,3.1809523809523808,2.6875,2.865771812080537,
2.2564102564102564,7.552795031055901,3.64,3.5688073394495414,3.1811023622047245,
2.6666666666666665,3.844311377245509,5.094594594594595,2.197802197802198,7.424460431654676,
31.99607843137255,2.347826086956522,2.8020833333333335,5.032,2.976470588235294,
2.95,4.125,2.4065934065934065,2.2808988764044944,7.891891891891892,
2.814432989690722,6.4324324324324325,3.923076923076923,4.98581560283688,3.264705882352941,
3.0578034682080926,2.5619047619047617,2.4152542372881354,2.66875,8.373737373737374,
4.872881355932203,10.081218274111675,2.872340425531915,7.720496894409938,2.5238095238095237,
3.872,5.381578947368421,3.5811965811965814,11.15625,2.4532374100719423,
4.029126213592233,2.765625,2.576923076923077,2.7532467532467533,3.3035714285714284,
4.222222222222222,4.96319018404908,3.03125,2.9611650485436893,5.710204081632653,
4.7727272727272725,4.791164658634538,2.5517241379310347,2.767857142857143,8.725609756097562,
2.1956521739130435,2.9237288135593222,4.619047619047619,4.776978417266187,3.7152777777777777,
2.467391304347826,2.9043478260869566,5.116438356164384,4.058035714285714,2.0846153846153848,
3.6440677966101696,2.9186046511627906,1.765625,10.541463414634146,3.2411347517730498,
8.220779220779221,2.7251908396946565,5.4636871508379885,16.926315789473684,2.3727272727272726,
3.0103092783505154,3.232,2.2560975609756095,2.593220338983051,3.4186046511627906,
2.4716981132075473,2.790909090909091,3.0277777777777777,2.982142857142857,2.1392405063291138,
2.828358208955224,3.018867924528302,2.911290322580645,2.381443298969072,3.17,
3.762962962962963,3.2389380530973453,3.6379310344827585,3.2580645161290325,3.7204301075268815,
3.76878612716763,2.78343949044586,2.635658914728682,6.663461538461538,3.782608695652174,
2.718232044198895,2.6594202898550723,2.544,3.3367875647668392,6.576530612244898,
9.984293193717278,2.704761904761905,3.5072463768115942,4.924731182795699,3.0964912280701755,
5.5491329479768785,4.310344827586207,2.25,5.23121387283237,3.135135135135135,
3.664429530201342,2.826923076923077,3.688888888888889,3.731707317073171,2.45679012345679,
4.821138211382114,3.5089285714285716,4.091954022988506,3.591240875912409,4.398601398601398,
2.389473684210526,2.036144578313253,2.8125,3.734042553191489,3.83206106870229,
4.104347826086957,2.801324503311258,3.954314720812183,3.588235294117647,2.849056603773585,
4.238938053097345,3.394160583941606,4.671328671328672,2.5294117647058822,4.947058823529412,
4.0134228187919465,3.2048192771084336,5.415204678362573,3.6923076923076925,2.4608695652173913,
6.34640522875817,3.456953642384106,9.39080459770115,3.0338983050847457,2.495798319327731,
2.302752293577982,3.0214285714285714,3.057377049180328,3.710526315789474,3.2720588235294117,
2.3058823529411763,4.404494382022472,2.3189655172413794,5.159090909090909,2.9541284403669725,
5.852941176470588,4.08955223880597,5.27,3.507575757575758,8.8,
3.2254901960784315,9.06578947368421,2.5089285714285716,4.245762711864407,2.1847826086956523,
1.9466666666666668,3.5483870967741935,2.5,4.159235668789809,3.641304347826087,
2.603960396039604,4.316666666666666,2.539325842696629,3.6451612903225805,2.75,
5.608695652173913,2.221052631578947,2.5903614457831323,4.104166666666667,2.5789473684210527,
5.133720930232558,2.9753086419753085,2.3085106382978724,3.933333333333333,8.5,
3.481132075471698,4.336134453781512,2.48,2.9254658385093166,4.2481203007518795,
4.630434782608695,6.775510204081633,2.2115384615384617,15.455958549222798,6.591666666666667,
2.2739726027397262,3.4791666666666665,4.136690647482014,2.793103448275862,5.904347826086957,
2.8633540372670807,6.559859154929577,4.574850299401198,3.130434782608696,10.334615384615384,
4.076271186440678,7.890547263681592,2.816326530612245,2.5040650406504064,2.8878504672897196,
2.3636363636363638,2.8045977011494254,2.5689655172413794,2.2555555555555555,6.990566037735849,
3.8819444444444446,2.5714285714285716,2.336448598130841,2.893805309734513,2.7125,
2.4086021505376345,2.4941176470588236,6.578378378378378,8.025157232704403,2.3333333333333335,
2.857142857142857,2.8672566371681416,10.423728813559322,7.270531400966184,3.439306358381503,
3.4915254237288136,4.267326732673268,8.541666666666666,4.80241935483871,3.519774011299435,
5.45,2.8015873015873014,5.633928571428571,2.232142857142857,3.8360655737704916,
2.953846153846154,3.272727272727273,2.742857142857143,4.430656934306569,4.263513513513513,
2.6417910447761193,3.2662721893491122,2.8843537414965987,2.785310734463277,2.8513513513513513,
2.7904761904761903,2.459016393442623,2.7551020408163267,3.6144578313253013,4.666666666666667,
7.761467889908257,3.7349397590361444,3.4692307692307693,16.149484536082475,6.9298245614035086,
3.931578947368421,3.45,8.83419689119171,2.5625,2.0254237288135593,
4.086956521739131,3.4962406015037595,4.553072625698324,7.702020202020202,5.655555555555556,
2.34375,7.0675675675675675,2.907142857142857,3.057377049180328,6.757894736842105,
4.8076923076923075,4.077464788732394,4.411764705882353,2.1216216216216215,1.6666666666666667,
2.704081632653061,2.618320610687023,2.125,3.2794117647058822,13.534883720930232,
4.43859649122807,4.153284671532846,2.1666666666666665,6.707865168539326,2.55045871559633,
3.023529411764706,2.5822784810126582,3.263157894736842,5.390243902439025,2.3783783783783785,
2.7037037037037037,3.2222222222222223,2.6203703703703702,2.6893203883495147,2.783333333333333,
3.857142857142857,2.925233644859813,1.7846153846153847,4.848,2.710144927536232,
8.666666666666666,3.2247191011235956,3.9879518072289155,10.957142857142857,5.608974358974359,
5.673913043478261,2.208,8.38219895287958,10.955801104972375,4.361344537815126,
1.8043478260869565,19.098039215686274,5.3977272727272725,1.9649122807017543,8.212328767123287,
6.503448275862069,2.7866666666666666,3.7590361445783134,2.54320987654321,13.322033898305085,
3.609271523178808,2.7096774193548385,4.325443786982248,5.21301775147929,4.412790697674419,
3.21875,2.246913580246914,4.525316455696203,3.776923076923077,4.364963503649635,
2.5575221238938055,2.9069767441860463,28.192513368983956,2.765151515151515,3.049382716049383,
5.666666666666667,3.6792452830188678,2.8173913043478263,3.7954545454545454,3.022222222222222,
3.7641509433962264,4.7611940298507465,4.357664233576642,5.118279569892473,2.8962264150943398,
6.905263157894737,5.148717948717949,2.601503759398496,2.6608695652173915,2.925233644859813,
4.4605263157894735,2.7244094488188977,4.700854700854701,3.591304347826087,4.247706422018348,
3.6592592592592594,2.5538461538461537,3.7518248175182483,7.016759776536313,6.732876712328767,
4.73109243697479,4.780487804878049,5.0396825396825395,4.7481481481481485,5.469230769230769,
6.103626943005182,2.2803030303030303,3.102803738317757,3.0091743119266057,3.815950920245399,
3.043859649122807,4.30718954248366,2.5804195804195804,3.793103448275862,3.9235668789808917,
2.641509433962264,4.0,6.920529801324503,3.021978021978022,2.588888888888889,
12.407407407407407,2.565891472868217,4.741496598639456,2.7672413793103448,2.5063291139240507,
5.46067415730337,2.238532110091743,4.195945945945946,3.5588235294117645,2.8714285714285714,
3.213793103448276,2.857142857142857,4.75,4.6466666666666665,3.4791666666666665,
2.5284552845528454,4.715447154471545,2.0760869565217392,3.2733333333333334,6.492753623188406,
4.1,5.23404255319149,2.237623762376238,2.725806451612903,2.3923076923076922,
3.489655172413793,2.8487394957983194,2.7886178861788617,3.464516129032258,2.6623376623376624,
2.4017094017094016,2.8518518518518516,2.824074074074074,6.927083333333333,4.564935064935065,
2.8275862068965516,3.146198830409357,3.973856209150327,3.0445859872611467,6.157894736842105,
12.097222222222221,3.1206896551724137,4.598290598290598,9.363636363636363,2.8582089552238807,
4.408759124087592,3.7535211267605635,5.6125,3.3949579831932772,10.354166666666666,
3.388888888888889,5.297297297297297,4.513333333333334,3.6095238095238096,4.8654970760233915,
2.411290322580645,6.868852459016393,5.335195530726257,2.7248322147651005,2.136904761904762,
3.337748344370861,9.193103448275862,2.5555555555555554,3.1842105263157894,4.067669172932331,
3.107843137254902,2.018181818181818,2.8125,3.533333333333333,2.8,
2.323232323232323,3.0793650793650795,2.7435897435897436,5.697183098591549,3.2583333333333333,
3.2967032967032965,2.651685393258427,5.0,2.8,4.4855072463768115,
3.063063063063063,4.5,3.445859872611465,5.71969696969697,4.0134228187919465,
3.7267080745341614,3.111111111111111,5.3259668508287294,7.232432432432432,2.6363636363636362,
4.076923076923077,3.3972602739726026,2.760869565217391,2.4242424242424243,2.8447204968944098,
2.9908256880733943,3.309734513274336,2.2280701754385963,2.616,3.4427480916030535,
2.8189655172413794,2.3125,2.106060606060606,3.456896551724138,4.884615384615385,
2.1382978723404253,2.46218487394958,3.7861635220125787,2.185185185185185,3.9741379310344827,
4.460606060606061,5.4825174825174825,8.362162162162162,4.478260869565218,3.675213675213675,
2.5277777777777777,3.210191082802548,6.1875,5.477876106194691,3.9235294117647057,
2.2,2.4653465346534653,4.739726027397261,2.8035714285714284,3.95,
3.933333333333333,3.118279569892473,3.013888888888889,3.857142857142857,9.614864864864865,
2.1983471074380163,2.6043165467625897,3.9464285714285716,12.670212765957446,2.5106382978723403,
2.4022988505747125,2.562962962962963,4.42,2.084507042253521,3.6904761904761907,
2.1862745098039214,2.375,3.3448275862068964,4.7924528301886795,3.4895833333333335,
2.4148936170212765,2.097560975609756,5.157407407407407,4.382978723404255,2.697841726618705,
2.542372881355932,5.47457627118644,2.404494382022472,2.717741935483871,3.785276073619632,
2.8013698630136985,13.662576687116564,2.6533333333333333,2.941860465116279,7.011494252873563,
